sample,utc,unix_nanos,elapsed_s,rss_kib,hwm_kib,threads,fds,proc_ticks,host_ticks,stats_http,listen_overflows,listen_drops,tcp_abort_on_close,tcp_retrans
0,2026-07-30T10:50:05Z,1785408605055502785,0,6928,6928,17,38,0,321795264,200,196,196,448255594,352380
1,2026-07-30T10:50:06Z,1785408606082185710,1,7004,7004,17,39,0,321796084,200,196,196,448255594,352380
2,2026-07-30T10:50:07Z,1785408607110713055,2,7444,7444,17,96,4,321796904,200,196,196,448255594,352380
3,2026-07-30T10:50:08Z,1785408608140378859,3,7612,7612,17,100,73,321797705,200,196,196,448255594,352380
4,2026-07-30T10:50:09Z,1785408609173217112,4,9192,9192,17,106,230,321798459,200,196,196,448255594,352380
5,2026-07-30T10:50:10Z,1785408610206686655,5,9580,9580,17,107,411,321799208,200,196,196,448255594,352380
6,2026-07-30T10:50:11Z,1785408611240308702,6,9588,9588,17,108,590,321799952,200,196,196,448255594,352380
7,2026-07-30T10:50:12Z,1785408612271667097,7,9592,9592,17,108,771,321800695,200,196,196,448255594,352380
8,2026-07-30T10:50:13Z,1785408613304150127,8,9596,9596,17,108,950,321801447,200,196,196,448255594,352380
9,2026-07-30T10:50:14Z,1785408614338785294,9,9600,9600,17,108,1131,321802189,200,196,196,448255594,352380
10,2026-07-30T10:50:15Z,1785408615372359970,10,9604,9604,17,108,1312,321802934,200,196,196,448255594,352380
11,2026-07-30T10:50:16Z,1785408616405702503,11,9880,9880,17,109,1494,321803683,200,196,196,448255594,352380
12,2026-07-30T10:50:17Z,1785408617439663034,12,9884,9884,17,109,1676,321804424,200,196,196,448255594,352380
13,2026-07-30T10:50:18Z,1785408618472847286,13,9884,9884,17,109,1854,321805169,200,196,196,448255594,352380
14,2026-07-30T10:50:19Z,1785408619507107617,14,9884,9884,17,109,2036,321805919,200,196,196,448255594,352380
15,2026-07-30T10:50:20Z,1785408620540364229,15,9884,9884,17,109,2216,321806664,200,196,196,448255594,352380
16,2026-07-30T10:50:21Z,1785408621573417085,16,9884,9884,17,109,2395,321807412,200,196,196,448255594,352380
17,2026-07-30T10:50:22Z,1785408622605886235,17,9888,9888,17,109,2575,321808157,200,196,196,448255594,352380
18,2026-07-30T10:50:23Z,1785408623637618937,18,9892,9892,17,109,2754,321808906,200,196,196,448255594,352380
19,2026-07-30T10:50:24Z,1785408624669675597,19,9896,9896,17,109,2933,321809650,200,196,196,448255594,352380
20,2026-07-30T10:50:25Z,1785408625704035146,20,9960,9960,17,111,3112,321810396,200,196,196,448255594,352380
21,2026-07-30T10:50:26Z,1785408626738686161,21,9960,9960,17,111,3293,321811148,200,196,196,448255594,352380
22,2026-07-30T10:50:27Z,1785408627772003461,22,9960,9960,17,111,3471,321811899,200,196,196,448255594,352380
23,2026-07-30T10:50:28Z,1785408628805124043,23,9960,9960,17,111,3649,321812652,200,196,196,448255594,352380
24,2026-07-30T10:50:29Z,1785408629838779409,24,10988,11004,17,119,3829,321813400,200,196,196,448255594,352380
25,2026-07-30T10:50:30Z,1785408630873924120,25,11692,11692,17,190,4010,321814149,200,196,196,448255594,352380
26,2026-07-30T10:50:31Z,1785408631907369960,26,11692,11692,17,190,4189,321814907,200,196,196,448255594,352380
27,2026-07-30T10:50:32Z,1785408632940833446,27,11700,11700,17,190,4366,321815658,200,196,196,448255594,352380
28,2026-07-30T10:50:33Z,1785408633973556950,28,11700,11700,17,190,4544,321816403,200,196,196,448255594,352380
29,2026-07-30T10:50:35Z,1785408635006937542,30,11700,11700,17,190,4720,321817157,200,196,196,448255594,352380
30,2026-07-30T10:50:36Z,1785408636040435061,31,11700,11700,17,190,4897,321817908,200,196,196,448255594,352380
31,2026-07-30T10:50:37Z,1785408637072717009,32,11700,11700,17,190,5073,321818664,200,196,196,448255594,352380
32,2026-07-30T10:50:38Z,1785408638106514155,33,11700,11700,17,190,5249,321819415,200,196,196,448255594,352380
33,2026-07-30T10:50:39Z,1785408639139284266,34,11704,11704,17,190,5427,321820163,200,196,196,448255594,352380
34,2026-07-30T10:50:40Z,1785408640173187195,35,11704,11704,17,190,5601,321820913,200,196,196,448255594,352380
35,2026-07-30T10:50:41Z,1785408641205254349,36,11704,11704,17,190,5779,321821661,200,196,196,448255594,352380
36,2026-07-30T10:50:42Z,1785408642239039654,37,11704,11704,17,190,5956,321822416,200,196,196,448255594,352380
37,2026-07-30T10:50:43Z,1785408643271220928,38,12028,12028,17,191,6134,321823171,200,196,196,448255594,352380
38,2026-07-30T10:50:44Z,1785408644303697245,39,12032,12032,17,191,6309,321823927,200,196,196,448255594,352380
39,2026-07-30T10:50:45Z,1785408645336374492,40,12036,12036,17,191,6486,321824673,200,196,196,448255594,352380
40,2026-07-30T10:50:46Z,1785408646369912718,41,12036,12036,17,191,6663,321825418,200,196,196,448255594,352380
41,2026-07-30T10:50:47Z,1785408647402501525,42,12036,12036,17,191,6841,321826171,200,196,196,448255594,352380
42,2026-07-30T10:50:48Z,1785408648435421994,43,12040,12040,17,191,7018,321826913,200,196,196,448255594,352380
43,2026-07-30T10:50:49Z,1785408649469016465,44,12040,12040,17,191,7195,321827658,200,196,196,448255594,352380
44,2026-07-30T10:50:50Z,1785408650502931361,45,12040,12040,17,191,7370,321828408,200,196,196,448255594,352380
45,2026-07-30T10:50:51Z,1785408651535130131,46,12040,12040,17,191,7546,321829155,200,196,196,448255594,352380
46,2026-07-30T10:50:52Z,1785408652567674113,47,12044,12044,17,191,7724,321829901,200,196,196,448255594,352380
47,2026-07-30T10:50:53Z,1785408653600953837,48,12572,12532,17,201,7908,321830652,200,196,196,448255594,352382
48,2026-07-30T10:50:54Z,1785408654636701971,49,12532,12532,17,201,8086,321831404,200,196,196,448255594,352388
49,2026-07-30T10:50:55Z,1785408655670140205,50,12532,12532,17,201,8266,321832157,200,196,196,448255594,352392
50,2026-07-30T10:50:56Z,1785408656702289910,51,12532,12532,17,201,8450,321832900,200,196,196,448255594,352398
51,2026-07-30T10:50:57Z,1785408657735767526,52,12532,12532,17,201,8631,321833654,200,196,196,448255594,352400
52,2026-07-30T10:50:58Z,1785408658769016744,53,12532,12532,17,201,8814,321834394,200,196,196,448255594,352404
53,2026-07-30T10:50:59Z,1785408659802128666,54,12536,12536,17,202,8996,321835149,200,196,196,448255594,352411
54,2026-07-30T10:51:00Z,1785408660837659285,55,12460,12460,17,182,9176,321835901,200,196,196,448255594,352415
55,2026-07-30T10:51:01Z,1785408661871090642,56,12460,12460,17,182,9360,321836655,200,196,196,448255594,352418
56,2026-07-30T10:51:02Z,1785408662906159084,57,12460,12460,17,182,9543,321837410,200,196,196,448255594,352424
57,2026-07-30T10:51:03Z,1785408663939358762,58,12460,12460,17,182,9726,321838163,200,196,196,448255594,352431
58,2026-07-30T10:51:04Z,1785408664972792379,59,12460,12460,17,182,9908,321838913,200,196,196,448255594,352434
59,2026-07-30T10:51:06Z,1785408666007200496,61,12460,12460,17,182,10092,321839650,200,196,196,448255594,352435
60,2026-07-30T10:51:07Z,1785408667039985516,62,12460,12460,17,182,10278,321840398,200,196,196,448255594,352440
61,2026-07-30T10:51:08Z,1785408668072478840,63,12460,12460,17,182,10459,321841143,200,196,196,448255594,352444
62,2026-07-30T10:51:09Z,1785408669106443707,64,12460,12460,17,182,10640,321841892,200,196,196,448255594,352445
63,2026-07-30T10:51:10Z,1785408670138033824,65,12460,12460,17,182,10821,321842639,200,196,196,448255594,352449
64,2026-07-30T10:51:11Z,1785408671172655767,66,12460,12460,17,182,11003,321843394,200,196,196,448255594,352457
65,2026-07-30T10:51:12Z,1785408672206426208,67,12460,12460,17,182,11187,321844139,200,196,196,448255594,352459
66,2026-07-30T10:51:13Z,1785408673238972392,68,12136,12368,17,181,11369,321844888,200,196,196,448255594,352462
67,2026-07-30T10:51:14Z,1785408674273164430,69,12136,12368,17,181,11550,321845640,200,196,196,448255594,352470
68,2026-07-30T10:51:15Z,1785408675306221775,70,12136,12368,17,181,11733,321846386,200,196,196,448255594,352473
69,2026-07-30T10:51:16Z,1785408676340347639,71,12136,12368,17,181,11914,321847139,200,196,196,448255594,352474
70,2026-07-30T10:51:17Z,1785408677373218921,72,12136,12368,17,181,12092,321847893,200,196,196,448255594,352479
71,2026-07-30T10:51:18Z,1785408678405360905,73,12136,12368,17,181,12268,321848635,200,196,196,448255594,352485
72,2026-07-30T10:51:19Z,1785408679437319180,74,12136,12368,17,181,12443,321849379,200,196,196,448255594,352488
73,2026-07-30T10:51:20Z,1785408680471212369,75,12136,12368,17,181,12619,321850139,200,196,196,448255594,352489
74,2026-07-30T10:51:21Z,1785408681505210280,76,12136,12368,17,181,12797,321850886,200,196,196,448255594,352491
75,2026-07-30T10:51:22Z,1785408682537929637,77,12136,12368,17,181,12974,321851636,200,196,196,448255594,352496
76,2026-07-30T10:51:23Z,1785408683571422289,78,12060,12368,17,162,13149,321852391,200,196,196,448255594,352501
77,2026-07-30T10:51:24Z,1785408684604759933,79,12060,12368,17,162,13325,321853141,200,196,196,448255594,352509
78,2026-07-30T10:51:25Z,1785408685638539514,80,12060,12368,17,162,13503,321853889,200,196,196,448255594,352514
79,2026-07-30T10:51:26Z,1785408686671577935,81,12060,12368,17,162,13681,321854641,200,196,196,448255594,352520
80,2026-07-30T10:51:27Z,1785408687702962262,82,12060,12368,17,162,13856,321855400,200,196,196,448255594,352525
81,2026-07-30T10:51:28Z,1785408688735162745,83,12060,12368,17,162,14032,321856160,200,196,196,448255594,352529
82,2026-07-30T10:51:29Z,1785408689768460682,84,11984,12368,17,158,14209,321856918,200,196,196,448255594,352537
83,2026-07-30T10:51:30Z,1785408690802610130,85,11984,12368,17,158,14386,321857674,200,196,196,448255594,352539
84,2026-07-30T10:51:31Z,1785408691835905721,86,11984,12368,17,158,14565,321858418,200,196,196,448255594,352541
85,2026-07-30T10:51:32Z,1785408692869291904,87,11984,12368,17,158,14741,321859166,200,196,196,448255594,352548
86,2026-07-30T10:51:33Z,1785408693902287742,88,11984,12368,17,158,14918,321859920,200,196,196,448255594,352552
87,2026-07-30T10:51:34Z,1785408694934746708,89,11984,12368,17,158,15092,321860672,200,196,196,448255594,352557
88,2026-07-30T10:51:35Z,1785408695967323309,90,11984,12368,17,158,15267,321861419,200,196,196,448255594,352561
89,2026-07-30T10:51:36Z,1785408697001427540,92,11984,12368,17,158,15445,321862174,200,196,196,448255594,352563
90,2026-07-30T10:51:38Z,1785408698033660738,93,12136,12368,17,164,15624,321862926,200,196,196,448255594,352567
91,2026-07-30T10:51:39Z,1785408699066586702,94,12340,12368,17,189,15813,321863675,200,196,196,448255594,352567
92,2026-07-30T10:51:40Z,1785408700099361074,95,12284,12368,17,189,16000,321864417,200,196,196,448255594,352567
93,2026-07-30T10:51:41Z,1785408701132163628,96,12284,12368,17,189,16184,321865161,200,196,196,448255594,352567
94,2026-07-30T10:51:42Z,1785408702165462873,97,12284,12368,17,189,16368,321865914,200,196,196,448255594,352567
95,2026-07-30T10:51:43Z,1785408703198818515,98,12284,12368,17,189,16554,321866660,200,196,196,448255594,352567
96,2026-07-30T10:51:44Z,1785408704233087491,99,12296,12368,17,189,16739,321867405,200,196,196,448255594,352567
97,2026-07-30T10:51:45Z,1785408705266683681,100,12284,12368,17,189,16925,321868153,200,196,196,448255594,352567
98,2026-07-30T10:51:46Z,1785408706301988215,101,12300,12368,17,189,17115,321868894,200,196,196,448255594,352567
99,2026-07-30T10:51:47Z,1785408707334608206,102,12284,12368,17,189,17303,321869641,200,196,196,448255594,352567
100,2026-07-30T10:51:48Z,1785408708367992342,103,12284,12368,17,189,17489,321870386,200,196,196,448255594,352567
101,2026-07-30T10:51:49Z,1785408709401350233,104,12284,12368,17,189,17671,321871136,200,196,196,448255594,352567
102,2026-07-30T10:51:50Z,1785408710433412927,105,12348,12368,17,189,17852,321871883,200,196,196,448255594,352567
103,2026-07-30T10:51:51Z,1785408711467795467,106,12308,12368,17,190,18034,321872631,200,196,196,448255594,352569
104,2026-07-30T10:51:52Z,1785408712499890583,107,12308,12368,17,190,18213,321873388,200,196,196,448255594,352569
105,2026-07-30T10:51:53Z,1785408713533308229,108,12308,12368,17,190,18391,321874137,200,196,196,448255594,352569
106,2026-07-30T10:51:54Z,1785408714566280974,109,12308,12368,17,190,18578,321874882,200,196,196,448255594,352570
107,2026-07-30T10:51:55Z,1785408715600403814,110,12308,12368,17,190,18755,321875646,200,196,196,448255594,352571
108,2026-07-30T10:51:56Z,1785408716632700340,111,12308,12368,17,190,18937,321876389,200,196,196,448255594,352571
109,2026-07-30T10:51:57Z,1785408717664795228,112,12308,12368,17,190,19117,321877133,200,196,196,448255594,352574
110,2026-07-30T10:51:58Z,1785408718698095478,113,12308,12368,17,190,19294,321877887,200,196,196,448255594,352574
111,2026-07-30T10:51:59Z,1785408719730169186,114,12308,12368,17,190,19475,321878635,200,196,196,448255594,352576
112,2026-07-30T10:52:00Z,1785408720764964006,115,12308,12368,17,190,19659,321879377,200,196,196,448255594,352578
113,2026-07-30T10:52:01Z,1785408721798883712,116,12332,12368,17,196,19847,321880130,200,196,196,448255594,352579
114,2026-07-30T10:52:02Z,1785408722831556636,117,12332,12376,17,196,20029,321880873,200,196,196,448255594,352579
115,2026-07-30T10:52:03Z,1785408723865028498,118,12332,12368,17,196,20212,321881613,200,196,196,448255594,352579
116,2026-07-30T10:52:04Z,1785408724896985997,119,12332,12368,17,196,20395,321882360,200,196,196,448255594,352579
117,2026-07-30T10:52:05Z,1785408725929710498,120,12332,12368,17,196,20575,321883111,200,196,196,448255594,352579
118,2026-07-30T10:52:06Z,1785408726963124937,121,12332,12368,17,196,20755,321883860,200,196,196,448255594,352579
119,2026-07-30T10:52:07Z,1785408727998861767,122,12324,12368,17,194,20934,321884604,200,196,196,448255594,352579
120,2026-07-30T10:52:09Z,1785408729031277158,124,12324,12368,17,194,21113,321885370,200,196,196,448255594,352579
121,2026-07-30T10:52:10Z,1785408730063828303,125,12324,12368,17,194,21291,321886128,200,196,196,448255594,352579
122,2026-07-30T10:52:11Z,1785408731096387747,126,12324,12368,17,194,21470,321886875,200,196,196,448255594,352579
123,2026-07-30T10:52:12Z,1785408732127797277,127,12324,12368,17,194,21652,321887621,200,196,196,448255594,352579
124,2026-07-30T10:52:13Z,1785408733162008890,128,12324,12368,17,194,21836,321888360,200,196,196,448255594,352579
125,2026-07-30T10:52:14Z,1785408734194467322,129,12324,12368,17,194,22020,321889108,200,196,196,448255594,352579
126,2026-07-30T10:52:15Z,1785408735226653987,130,12324,12368,17,194,22205,321889855,200,196,196,448255594,352579
127,2026-07-30T10:52:16Z,1785408736260133718,131,12324,12368,17,194,22387,321890602,200,196,196,448255594,352579
128,2026-07-30T10:52:17Z,1785408737293398768,132,12324,12368,17,194,22568,321891349,200,196,196,448255594,352579
129,2026-07-30T10:52:18Z,1785408738326646926,133,12324,12368,17,194,22750,321892102,200,196,196,448255594,352579
130,2026-07-30T10:52:19Z,1785408739359395178,134,12324,12368,17,194,22929,321892859,200,196,196,448255594,352579
131,2026-07-30T10:52:20Z,1785408740393181253,135,12324,12368,17,194,23108,321893609,200,196,196,448255594,352579
132,2026-07-30T10:52:21Z,1785408741426307806,136,12300,12368,17,193,23290,321894362,200,196,196,448255594,352579
133,2026-07-30T10:52:22Z,1785408742460104873,137,12300,12368,17,193,23473,321895110,200,196,196,448255594,352579
134,2026-07-30T10:52:23Z,1785408743492886844,138,12300,12368,17,193,23654,321895855,200,196,196,448255594,352580
135,2026-07-30T10:52:24Z,1785408744526173794,139,12364,12368,17,199,23837,321896611,200,196,196,448255594,352584
136,2026-07-30T10:52:25Z,1785408745559121768,140,12368,12368,17,200,24020,321897357,200,196,196,448255594,352584
137,2026-07-30T10:52:26Z,1785408746593913774,141,12368,12368,17,200,24199,321898107,200,196,196,448255594,352584
138,2026-07-30T10:52:27Z,1785408747627042866,142,12368,12368,17,200,24377,321898856,200,196,196,448255594,352584
139,2026-07-30T10:52:28Z,1785408748660194706,143,12368,12368,17,200,24555,321899613,200,196,196,448255594,352584
140,2026-07-30T10:52:29Z,1785408749693513363,144,12368,12368,17,200,24733,321900359,200,196,196,448255594,352584
141,2026-07-30T10:52:30Z,1785408750727502049,145,12368,12368,17,200,24912,321901104,200,196,196,448255594,352584
142,2026-07-30T10:52:31Z,1785408751761564983,146,12348,12368,17,195,25092,321901854,200,196,196,448255594,352584
143,2026-07-30T10:52:32Z,1785408752793878401,147,12348,12368,17,195,25272,321902601,200,196,196,448255594,352584
144,2026-07-30T10:52:33Z,1785408753826615525,148,12348,12368,17,195,25449,321903363,200,196,196,448255594,352584
145,2026-07-30T10:52:34Z,1785408754859992108,149,12348,12368,17,195,25628,321904111,200,196,196,448255594,352584
146,2026-07-30T10:52:35Z,1785408755891885309,150,12348,12368,17,195,25805,321904863,200,196,196,448255594,352584
147,2026-07-30T10:52:36Z,1785408756924256304,151,12348,12368,17,195,25982,321905609,200,196,196,448255594,352584
148,2026-07-30T10:52:37Z,1785408757957035548,152,12348,12368,17,195,26160,321906362,200,196,196,448255594,352584
149,2026-07-30T10:52:38Z,1785408758991841560,153,12348,12368,17,195,26345,321907109,200,196,196,448255594,352587
150,2026-07-30T10:52:40Z,1785408760024975360,155,12348,12368,17,195,26528,321907863,200,196,196,448255594,352589
151,2026-07-30T10:52:41Z,1785408761058608528,156,12348,12368,17,195,26711,321908614,200,196,196,448255594,352592
152,2026-07-30T10:52:42Z,1785408762091549156,157,12348,12368,17,195,26893,321909364,200,196,196,448255594,352592
153,2026-07-30T10:52:43Z,1785408763125111755,158,12348,12368,17,195,27074,321910107,200,196,196,448255594,352595
154,2026-07-30T10:52:44Z,1785408764157133288,159,12348,12368,17,195,27256,321910856,200,196,196,448255594,352598
155,2026-07-30T10:52:45Z,1785408765188585410,160,12348,12368,17,195,27438,321911600,200,196,196,448255594,352599
156,2026-07-30T10:52:46Z,1785408766222258848,161,12348,12368,17,195,27620,321912346,200,196,196,448255594,352602
157,2026-07-30T10:52:47Z,1785408767258370596,162,12360,12368,17,198,27808,321913101,200,196,196,448255594,352604
158,2026-07-30T10:52:48Z,1785408768292404304,163,12360,12368,17,198,27995,321913849,200,196,196,448255594,352606
159,2026-07-30T10:52:49Z,1785408769325017061,164,12360,12368,17,198,28179,321914603,200,196,196,448255594,352611
160,2026-07-30T10:52:50Z,1785408770359816121,165,12360,12368,17,198,28364,321915350,200,196,196,448255594,352612
161,2026-07-30T10:52:51Z,1785408771394280319,166,12360,12368,17,198,28550,321916093,200,196,196,448255594,352614
162,2026-07-30T10:52:52Z,1785408772428825266,167,12360,12404,17,198,28736,321916845,200,196,196,448255594,352614
163,2026-07-30T10:52:53Z,1785408773461667627,168,12360,12368,17,198,28921,321917593,200,196,196,448255594,352616
164,2026-07-30T10:52:54Z,1785408774496008801,169,12312,12368,17,196,29105,321918341,200,196,196,448255594,352617
165,2026-07-30T10:52:55Z,1785408775530025230,170,12292,12368,17,191,29289,321919081,200,196,196,448255594,352619
166,2026-07-30T10:52:56Z,1785408776563641455,171,12292,12368,17,191,29473,321919830,200,196,196,448255594,352619
167,2026-07-30T10:52:57Z,1785408777596225021,172,12292,12368,17,191,29660,321920573,200,196,196,448255594,352621
168,2026-07-30T10:52:58Z,1785408778629301176,173,12292,12368,17,191,29842,321921317,200,196,196,448255594,352623
169,2026-07-30T10:52:59Z,1785408779663394309,174,12292,12368,17,191,30029,321922066,200,196,196,448255594,352625
170,2026-07-30T10:53:00Z,1785408780697605470,175,12356,12388,17,191,30213,321922823,200,196,196,448255594,352625
171,2026-07-30T10:53:01Z,1785408781731401906,176,12292,12388,17,191,30399,321923569,200,196,196,448255594,352628
172,2026-07-30T10:53:02Z,1785408782763847410,177,12292,12388,17,191,30577,321924326,200,196,196,448255594,352630
173,2026-07-30T10:53:03Z,1785408783797035036,178,12292,12388,17,191,30755,321925075,200,196,196,448255594,352632
174,2026-07-30T10:53:04Z,1785408784830040513,179,12292,12388,17,191,30933,321925823,200,196,196,448255594,352636
175,2026-07-30T10:53:05Z,1785408785864444465,180,12292,12388,17,191,31115,321926570,200,196,196,448255594,352638
176,2026-07-30T10:53:06Z,1785408786896943555,181,12292,12388,17,191,31292,321927314,200,196,196,448255594,352640
177,2026-07-30T10:53:07Z,1785408787931533530,182,12292,12388,17,191,31471,321928060,200,196,196,448255594,352642
178,2026-07-30T10:53:08Z,1785408788964214918,183,12292,12388,17,191,31650,321928807,200,196,196,448255594,352644
179,2026-07-30T10:53:09Z,1785408789996198460,184,12292,12388,17,191,31828,321929562,200,196,196,448255594,352646
180,2026-07-30T10:53:11Z,1785408791030269439,186,12292,12388,17,191,32010,321930316,200,196,196,448255594,352646
181,2026-07-30T10:53:12Z,1785408792062397585,187,12292,12388,17,191,32189,321931068,200,196,196,448255594,352646
182,2026-07-30T10:53:13Z,1785408793095227593,188,12292,12388,17,191,32371,321931812,200,196,196,448255594,352646
183,2026-07-30T10:53:14Z,1785408794128469923,189,12292,12388,17,191,32549,321932560,200,196,196,448255594,352646
184,2026-07-30T10:53:15Z,1785408795163559679,190,12292,12388,17,191,32730,321933312,200,196,196,448255594,352646
185,2026-07-30T10:53:16Z,1785408796197739732,191,12292,12388,17,191,32912,321934054,200,196,196,448255594,352646
186,2026-07-30T10:53:17Z,1785408797231377549,192,12304,12388,17,189,33095,321934801,200,196,196,448255594,352646
187,2026-07-30T10:53:18Z,1785408798264519159,193,12300,12388,17,188,33280,321935543,200,196,196,448255594,352646
188,2026-07-30T10:53:19Z,1785408799298012242,194,12300,12388,17,188,33464,321936292,200,196,196,448255594,352646
189,2026-07-30T10:53:20Z,1785408800331763145,195,12300,12388,17,188,33648,321937042,200,196,196,448255594,352646
190,2026-07-30T10:53:21Z,1785408801364451850,196,12300,12388,17,188,33829,321937792,200,196,196,448255594,352646
191,2026-07-30T10:53:22Z,1785408802396363239,197,12300,12388,17,188,34012,321938537,200,196,196,448255594,352646
192,2026-07-30T10:53:23Z,1785408803430057299,198,12300,12388,17,188,34193,321939279,200,196,196,448255594,352646
193,2026-07-30T10:53:24Z,1785408804463150012,199,12300,12388,17,188,34375,321940018,200,196,196,448255594,352646
194,2026-07-30T10:53:25Z,1785408805497521877,200,12300,12388,17,188,34557,321940767,200,196,196,448255594,352646
195,2026-07-30T10:53:26Z,1785408806529887118,201,12300,12388,17,188,34743,321941509,200,196,196,448255594,352646
196,2026-07-30T10:53:27Z,1785408807562507837,202,12300,12388,17,188,34927,321942255,200,196,196,448255594,352646
197,2026-07-30T10:53:28Z,1785408808595777935,203,12352,12388,17,188,35113,321942997,200,196,196,448255594,352646
198,2026-07-30T10:53:29Z,1785408809628466937,204,12300,12388,17,188,35299,321943746,200,196,196,448255594,352646
199,2026-07-30T10:53:30Z,1785408810661363378,205,12300,12388,17,188,35483,321944487,200,196,196,448255594,352646
200,2026-07-30T10:53:31Z,1785408811695291253,206,12300,12388,17,188,35662,321945230,200,196,196,448255594,352646
201,2026-07-30T10:53:32Z,1785408812728020188,207,12300,12388,17,188,35841,321945983,200,196,196,448255594,352646
202,2026-07-30T10:53:33Z,1785408813760872631,208,12300,12388,17,188,36023,321946738,200,196,196,448255594,352648
203,2026-07-30T10:53:34Z,1785408814794173309,209,12300,12388,17,188,36208,321947487,200,196,196,448255594,352648
204,2026-07-30T10:53:35Z,1785408815826491413,210,12300,12388,17,188,36395,321948225,200,196,196,448255594,352648
205,2026-07-30T10:53:36Z,1785408816859266455,211,12300,12388,17,188,36581,321948965,200,196,196,448255594,352648
206,2026-07-30T10:53:37Z,1785408817891555053,212,12300,12388,17,188,36766,321949706,200,196,196,448255594,352648
207,2026-07-30T10:53:38Z,1785408818924836292,213,12300,12388,17,188,36952,321950456,200,196,196,448255594,352648
208,2026-07-30T10:53:39Z,1785408819960044132,214,12300,12388,17,188,37136,321951203,200,196,196,448255594,352648
209,2026-07-30T10:53:40Z,1785408820993811695,215,12192,12388,17,161,37322,321951950,200,196,196,448255594,352648
210,2026-07-30T10:53:42Z,1785408822026303033,217,12192,12388,17,161,37505,321952695,200,196,196,448255594,352648
211,2026-07-30T10:53:43Z,1785408823059829888,218,12192,12388,17,161,37691,321953441,200,196,196,448255594,352648
212,2026-07-30T10:53:44Z,1785408824092165070,219,12256,12388,17,161,37877,321954186,200,196,196,448255594,352648
213,2026-07-30T10:53:45Z,1785408825125270733,220,12192,12388,17,161,38063,321954926,200,196,196,448255594,352648
214,2026-07-30T10:53:46Z,1785408826159057677,221,12236,12388,17,161,38248,321955674,200,196,196,448255594,352648
215,2026-07-30T10:53:47Z,1785408827192103098,222,12256,12388,17,161,38438,321956416,200,196,196,448255594,352648
216,2026-07-30T10:53:48Z,1785408828226538274,223,12192,12388,17,161,38623,321957158,200,196,196,448255594,352648
217,2026-07-30T10:53:49Z,1785408829259364309,224,12192,12388,17,161,38810,321957908,200,196,196,448255594,352648
218,2026-07-30T10:53:50Z,1785408830291872496,225,12192,12388,17,161,38995,321958651,200,196,196,448255594,352648
219,2026-07-30T10:53:51Z,1785408831326358858,226,12192,12388,17,161,39182,321959401,200,196,196,448255594,352648
220,2026-07-30T10:53:52Z,1785408832360275730,227,12192,12388,17,161,39369,321960148,200,196,196,448255594,352648
221,2026-07-30T10:53:53Z,1785408833393477204,228,12192,12388,17,161,39556,321960890,200,196,196,448255594,352648
222,2026-07-30T10:53:54Z,1785408834425545040,229,12256,12388,17,161,39739,321961630,200,196,196,448255594,352648
223,2026-07-30T10:53:55Z,1785408835459538659,230,12192,12388,17,161,39921,321962377,200,196,196,448255594,352648
224,2026-07-30T10:53:56Z,1785408836492419043,231,12268,12388,17,175,40108,321963128,200,196,196,448255594,352648
225,2026-07-30T10:53:57Z,1785408837525702298,232,12268,12388,17,175,40285,321963877,200,196,196,448255594,352648
226,2026-07-30T10:53:58Z,1785408838558275491,233,12268,12388,17,175,40463,321964627,200,196,196,448255594,352648
227,2026-07-30T10:53:59Z,1785408839592647163,234,12268,12388,17,175,40640,321965372,200,196,196,448255594,352648
228,2026-07-30T10:54:00Z,1785408840626145574,235,12268,12388,17,175,40828,321966118,200,196,196,448255594,352648
229,2026-07-30T10:54:01Z,1785408841660676788,236,12332,12388,17,175,41015,321966869,200,196,196,448255594,352648
230,2026-07-30T10:54:02Z,1785408842692969907,237,12268,12388,17,175,41203,321967612,200,196,196,448255594,352648
231,2026-07-30T10:54:03Z,1785408843725775699,238,12252,12388,17,171,41389,321968359,200,196,196,448255594,352648
232,2026-07-30T10:54:04Z,1785408844759130422,239,12252,12388,17,171,41575,321969109,200,196,196,448255594,352648
233,2026-07-30T10:54:05Z,1785408845791924370,240,12252,12388,17,171,41761,321969853,200,196,196,448255594,352648
234,2026-07-30T10:54:06Z,1785408846824405239,241,12252,12388,17,171,41946,321970594,200,196,196,448255594,352648
235,2026-07-30T10:54:07Z,1785408847856442014,242,12252,12388,17,171,42132,321971341,200,196,196,448255594,352648
236,2026-07-30T10:54:08Z,1785408848890045504,243,12252,12388,17,171,42312,321972080,200,196,196,448255594,352648
237,2026-07-30T10:54:09Z,1785408849922982840,244,12252,12388,17,171,42496,321972825,200,196,196,448255594,352648
238,2026-07-30T10:54:10Z,1785408850957360556,245,12252,12388,17,171,42678,321973566,200,196,196,448255594,352650
239,2026-07-30T10:54:11Z,1785408851991268441,246,12252,12388,17,171,42859,321974313,200,196,196,448255594,352652
240,2026-07-30T10:54:13Z,1785408853024314150,248,12252,12388,17,171,43042,321975061,200,196,196,448255594,352653
241,2026-07-30T10:54:14Z,1785408854057806586,249,12252,12388,17,171,43222,321975815,200,196,196,448255594,352654
242,2026-07-30T10:54:15Z,1785408855090604043,250,12252,12388,17,171,43404,321976562,200,196,196,448255594,352657
243,2026-07-30T10:54:16Z,1785408856124604989,251,12296,12388,17,182,43585,321977312,200,196,196,448255594,352657
244,2026-07-30T10:54:17Z,1785408857158651533,252,12296,12388,17,182,43770,321978053,200,196,196,448255594,352657
245,2026-07-30T10:54:18Z,1785408858191506650,253,12296,12388,17,182,43954,321978804,200,196,196,448255594,352657
246,2026-07-30T10:54:19Z,1785408859238503821,254,12296,12388,17,182,44135,321979555,200,196,196,448255594,352658
247,2026-07-30T10:54:20Z,1785408860271766634,255,12348,12388,17,195,44317,321980308,200,196,196,448255594,352663
248,2026-07-30T10:54:21Z,1785408861306378702,256,12348,12388,17,195,44491,321981061,200,196,196,448255594,352664
249,2026-07-30T10:54:22Z,1785408862340411907,257,12348,12388,17,195,44665,321981814,200,196,196,448255594,352666
250,2026-07-30T10:54:23Z,1785408863373095447,258,12348,12388,17,195,44841,321982560,200,196,196,448255594,352670
251,2026-07-30T10:54:24Z,1785408864405122189,259,12348,12388,17,195,45016,321983306,200,196,196,448255594,352671
252,2026-07-30T10:54:25Z,1785408865438292405,260,12348,12388,17,195,45191,321984062,200,196,196,448255594,352672
253,2026-07-30T10:54:26Z,1785408866471574177,261,12300,12388,17,193,45366,321984809,200,196,196,448255594,352674
254,2026-07-30T10:54:27Z,1785408867504259241,262,12300,12388,17,193,45540,321985564,200,196,196,448255594,352677
255,2026-07-30T10:54:28Z,1785408868534831712,263,12300,12388,17,193,45715,321986318,200,196,196,448255594,352678
256,2026-07-30T10:54:29Z,1785408869567813257,264,12300,12388,17,193,45890,321987073,200,196,196,448255594,352682
257,2026-07-30T10:54:30Z,1785408870602080998,265,12300,12388,17,193,46066,321987819,200,196,196,448255594,352685
258,2026-07-30T10:54:31Z,1785408871636678846,266,12300,12388,17,193,46243,321988572,200,196,196,448255594,352686
259,2026-07-30T10:54:32Z,1785408872670428802,267,12300,12388,17,193,46417,321989324,200,196,196,448255594,352686
260,2026-07-30T10:54:33Z,1785408873702543982,268,12300,12388,17,193,46595,321990068,200,196,196,448255594,352687
261,2026-07-30T10:54:34Z,1785408874734905001,269,12300,12388,17,193,46769,321990820,200,196,196,448255594,352687
262,2026-07-30T10:54:35Z,1785408875768331027,270,12300,12388,17,193,46945,321991576,200,196,196,448255594,352687
263,2026-07-30T10:54:36Z,1785408876800681640,271,12300,12388,17,193,47121,321992330,200,196,196,448255594,352690
264,2026-07-30T10:54:37Z,1785408877833474809,272,12300,12388,17,193,47295,321993077,200,196,196,448255594,352691
265,2026-07-30T10:54:38Z,1785408878866377322,273,12300,12388,17,193,47470,321993824,200,196,196,448255594,352694
266,2026-07-30T10:54:39Z,1785408879898628437,274,12300,12388,17,193,47646,321994576,200,196,196,448255594,352695
267,2026-07-30T10:54:40Z,1785408880931758819,275,12300,12388,17,193,47823,321995320,200,196,196,448255594,352699
268,2026-07-30T10:54:41Z,1785408881965045074,276,12300,12388,17,193,48000,321996064,200,196,196,448255594,352699
269,2026-07-30T10:54:42Z,1785408882999083241,277,12336,12388,17,197,48182,321996818,200,196,196,448255594,352699
270,2026-07-30T10:54:44Z,1785408884032289876,279,12336,12388,17,197,48362,321997569,200,196,196,448255594,352699
271,2026-07-30T10:54:45Z,1785408885065672500,280,12336,12388,17,197,48541,321998316,200,196,196,448255594,352699
272,2026-07-30T10:54:46Z,1785408886101046932,281,12328,12388,17,195,48726,321999066,200,196,196,448255594,352699
273,2026-07-30T10:54:47Z,1785408887134879293,282,12328,12388,17,195,48909,321999820,200,196,196,448255594,352699
274,2026-07-30T10:54:48Z,1785408888167044467,283,12328,12388,17,195,49088,322000574,200,196,196,448255594,352699
275,2026-07-30T10:54:49Z,1785408889200462132,284,12328,12388,17,195,49264,322001324,200,196,196,448255594,352699
276,2026-07-30T10:54:50Z,1785408890232868273,285,12328,12388,17,195,49446,322002073,200,196,196,448255594,352699
277,2026-07-30T10:54:51Z,1785408891267274396,286,12328,12388,17,195,49625,322002821,200,196,196,448255594,352699
278,2026-07-30T10:54:52Z,1785408892299740157,287,12328,12388,17,195,49806,322003572,200,196,196,448255594,352699
279,2026-07-30T10:54:53Z,1785408893332654201,288,12328,12388,17,195,49989,322004319,200,196,196,448255594,352699
280,2026-07-30T10:54:54Z,1785408894365840791,289,12328,12388,17,195,50172,322005062,200,196,196,448255594,352699
281,2026-07-30T10:54:55Z,1785408895398799090,290,12328,12388,17,195,50352,322005805,200,196,196,448255594,352699
282,2026-07-30T10:54:56Z,1785408896433102452,291,12328,12388,17,195,50533,322006562,200,196,196,448255594,352699
283,2026-07-30T10:54:57Z,1785408897465285532,292,12328,12388,17,195,50711,322007309,200,196,196,448255594,352699
284,2026-07-30T10:54:58Z,1785408898498030995,293,12328,12388,17,195,50891,322008056,200,196,196,448255594,352699
285,2026-07-30T10:54:59Z,1785408899531591639,294,12328,12388,17,195,51075,322008797,200,196,196,448255594,352699
286,2026-07-30T10:55:00Z,1785408900564604461,295,12328,12388,17,195,51257,322009546,200,196,196,448255594,352699
287,2026-07-30T10:55:01Z,1785408901598937140,296,12328,12388,17,195,51439,322010294,200,196,196,448255594,352700
288,2026-07-30T10:55:02Z,1785408902630558302,297,12328,12388,17,195,51620,322011041,200,196,196,448255594,352702
289,2026-07-30T10:55:03Z,1785408903661394208,298,12328,12388,17,195,51799,322011794,200,196,196,448255594,352704
290,2026-07-30T10:55:04Z,1785408904695601280,299,12328,12388,17,195,51984,322012534,200,196,196,448255594,352706
291,2026-07-30T10:55:05Z,1785408905727755505,300,12328,12388,17,195,52167,322013284,200,196,196,448255594,352706
292,2026-07-30T10:55:06Z,1785408906760338773,301,12328,12388,17,195,52346,322014035,200,196,196,448255594,352706
293,2026-07-30T10:55:07Z,1785408907792160835,302,12328,12388,17,195,52530,322014782,200,196,196,448255594,352706
294,2026-07-30T10:55:08Z,1785408908827331685,303,12328,12388,17,195,52715,322015526,200,196,196,448255594,352706
295,2026-07-30T10:55:09Z,1785408909860802324,304,12328,12388,17,195,52899,322016271,200,196,196,448255594,352706
296,2026-07-30T10:55:10Z,1785408910893520329,305,12328,12388,17,195,53084,322017019,200,196,196,448255594,352706
297,2026-07-30T10:55:11Z,1785408911926121630,306,12328,12388,17,195,53269,322017768,200,196,196,448255594,352706
298,2026-07-30T10:55:12Z,1785408912959313720,307,12220,12388,17,168,53455,322018512,200,196,196,448255594,352706
299,2026-07-30T10:55:13Z,1785408913992125625,308,12220,12388,17,168,53638,322019260,200,196,196,448255594,352706
300,2026-07-30T10:55:15Z,1785408915024995180,310,12220,12388,17,168,53820,322020014,200,196,196,448255594,352706
301,2026-07-30T10:55:16Z,1785408916060298258,311,12220,12388,17,168,54002,322020761,200,196,196,448255594,352706
302,2026-07-30T10:55:17Z,1785408917094147189,312,12220,12388,17,168,54187,322021505,200,196,196,448255594,352706
303,2026-07-30T10:55:18Z,1785408918127453727,313,12220,12388,17,168,54367,322022249,200,196,196,448255594,352706
304,2026-07-30T10:55:19Z,1785408919160770323,314,12220,12388,17,168,54553,322022988,200,196,196,448255594,352707
305,2026-07-30T10:55:20Z,1785408920194242972,315,12220,12388,17,168,54737,322023729,200,196,196,448255594,352707
306,2026-07-30T10:55:21Z,1785408921227629461,316,12220,12388,17,168,54922,322024475,200,196,196,448255594,352707
307,2026-07-30T10:55:22Z,1785408922260445245,317,12220,12388,17,168,55107,322025224,200,196,196,448255594,352707
308,2026-07-30T10:55:23Z,1785408923292510930,318,12220,12388,17,168,55289,322025974,200,196,196,448255594,352707
309,2026-07-30T10:55:24Z,1785408924324989268,319,12220,12388,17,168,55470,322026724,200,196,196,448255594,352707
310,2026-07-30T10:55:25Z,1785408925358468863,320,12220,12388,17,168,55646,322027469,200,196,196,448255594,352707
311,2026-07-30T10:55:26Z,1785408926392340421,321,12220,12388,17,168,55823,322028215,200,196,196,448255594,352708
312,2026-07-30T10:55:27Z,1785408927427570524,322,12220,12388,17,168,56001,322028960,200,196,196,448255594,352713
313,2026-07-30T10:55:28Z,1785408928461105369,323,12384,12388,17,189,56182,322029715,200,196,196,448255594,352714
314,2026-07-30T10:55:29Z,1785408929495594011,324,12384,12388,17,189,56361,322030462,200,196,196,448255594,352715
315,2026-07-30T10:55:30Z,1785408930530285583,325,12384,12388,17,189,56544,322031211,200,196,196,448255594,352716
316,2026-07-30T10:55:31Z,1785408931564556183,326,12384,12388,17,189,56728,322031961,200,196,196,448255594,352718
317,2026-07-30T10:55:32Z,1785408932597109263,327,12384,12388,17,189,56910,322032706,200,196,196,448255594,352719
318,2026-07-30T10:55:33Z,1785408933630051099,328,12384,12388,17,189,57095,322033458,200,196,196,448255594,352721
319,2026-07-30T10:55:34Z,1785408934663423295,329,12384,12388,17,189,57280,322034196,200,196,196,448255594,352725
320,2026-07-30T10:55:35Z,1785408935696353782,330,12360,12388,17,188,57464,322034943,200,196,196,448255594,352728
321,2026-07-30T10:55:36Z,1785408936729730070,331,12360,12388,17,188,57648,322035688,200,196,196,448255594,352731
322,2026-07-30T10:55:37Z,1785408937762578460,332,12360,12388,17,188,57831,322036435,200,196,196,448255594,352733
323,2026-07-30T10:55:38Z,1785408938794980026,333,12360,12388,17,188,58015,322037180,200,196,196,448255594,352736
324,2026-07-30T10:55:39Z,1785408939828922852,334,12360,12388,17,188,58197,322037930,200,196,196,448255594,352738
325,2026-07-30T10:55:40Z,1785408940863450726,335,12360,12388,17,188,58382,322038675,200,196,196,448255594,352741
326,2026-07-30T10:55:41Z,1785408941896938136,336,12360,12388,17,188,58567,322039421,200,196,196,448255594,352743
327,2026-07-30T10:55:42Z,1785408942931186220,337,12360,12388,17,188,58750,322040167,200,196,196,448255594,352744
328,2026-07-30T10:55:43Z,1785408943965277006,338,12360,12388,17,188,58936,322040913,200,196,196,448255594,352746
329,2026-07-30T10:55:44Z,1785408944998402338,339,12360,12388,17,188,59122,322041666,200,196,196,448255594,352750
330,2026-07-30T10:55:46Z,1785408946033082868,341,12360,12388,17,188,59307,322042414,200,196,196,448255594,352754
331,2026-07-30T10:55:47Z,1785408947069780213,342,12388,12388,17,194,59490,322043158,200,196,196,448255594,352755
332,2026-07-30T10:55:48Z,1785408948103043042,343,12388,12388,17,194,59673,322043910,200,196,196,448255594,352755
333,2026-07-30T10:55:49Z,1785408949136217743,344,12388,12388,17,194,59855,322044660,200,196,196,448255594,352755
334,2026-07-30T10:55:50Z,1785408950169015353,345,12388,12388,17,194,60039,322045405,200,196,196,448255594,352760
335,2026-07-30T10:55:51Z,1785408951212892478,346,12412,12476,17,195,60223,322046164,200,196,196,448255594,352763
336,2026-07-30T10:55:52Z,1785408952246377910,347,12524,12524,17,202,60414,322046921,200,196,196,448255594,352764
337,2026-07-30T10:55:53Z,1785408953279526078,348,12524,12524,17,202,60601,322047669,200,196,196,448255594,352765
338,2026-07-30T10:55:54Z,1785408954315087143,349,12524,12524,17,202,60782,322048420,200,196,196,448255594,352766
339,2026-07-30T10:55:55Z,1785408955348295721,350,12524,12524,17,202,60972,322049167,200,196,196,448255594,352771
340,2026-07-30T10:55:56Z,1785408956380616712,351,12524,12524,17,202,61155,322049919,200,196,196,448255594,352772
341,2026-07-30T10:55:57Z,1785408957413646639,352,12524,12524,17,202,61341,322050665,200,196,196,448255594,352775
342,2026-07-30T10:55:58Z,1785408958446455067,353,12524,12524,17,202,61526,322051416,200,196,196,448255594,352778
343,2026-07-30T10:55:59Z,1785408959479324911,354,12524,12524,17,202,61711,322052162,200,196,196,448255594,352784
344,2026-07-30T10:56:00Z,1785408960514084033,355,12524,12524,17,202,61897,322052910,200,196,196,448255594,352790
345,2026-07-30T10:56:01Z,1785408961549045148,356,12524,12524,17,202,62075,322053668,200,196,196,448255594,352796
346,2026-07-30T10:56:02Z,1785408962582134084,357,12524,12524,17,202,62261,322054412,200,196,196,448255594,352798
347,2026-07-30T10:56:03Z,1785408963616595105,358,12524,12524,17,202,62441,322055167,200,196,196,448255594,352799
348,2026-07-30T10:56:04Z,1785408964650383869,359,12524,12524,17,202,62627,322055917,200,196,196,448255594,352799
349,2026-07-30T10:56:05Z,1785408965684414524,360,12524,12588,17,202,62813,322056666,200,196,196,448255594,352800
350,2026-07-30T10:56:06Z,1785408966717078699,361,12524,12524,17,202,62996,322057413,200,196,196,448255594,352803
351,2026-07-30T10:56:07Z,1785408967749861795,362,12524,12524,17,202,63182,322058172,200,196,196,448255594,352805
352,2026-07-30T10:56:08Z,1785408968782231077,363,12524,12524,17,202,63368,322058926,200,196,196,448255594,352806
353,2026-07-30T10:56:09Z,1785408969815284686,364,12524,12524,17,202,63548,322059675,200,196,196,448255594,352806
354,2026-07-30T10:56:10Z,1785408970848638938,365,12524,12524,17,202,63731,322060423,200,196,196,448255594,352806
355,2026-07-30T10:56:11Z,1785408971883002396,366,12524,12524,17,202,63912,322061165,200,196,196,448255594,352806
356,2026-07-30T10:56:12Z,1785408972916526204,367,12528,12528,17,202,64096,322061918,200,196,196,448255594,352806
357,2026-07-30T10:56:13Z,1785408973949378751,368,12528,12528,17,202,64279,322062666,200,196,196,448255594,352806
358,2026-07-30T10:56:14Z,1785408974982392301,369,12528,12528,17,202,64461,322063417,200,196,196,448255594,352807
359,2026-07-30T10:56:16Z,1785408976016834205,371,12528,12528,17,202,64636,322064170,200,196,196,448255594,352807
360,2026-07-30T10:56:17Z,1785408977050498699,372,12508,12508,17,197,64815,322064925,200,196,196,448255594,352807
361,2026-07-30T10:56:18Z,1785408978083931765,373,12508,12508,17,197,64989,322065681,200,196,196,448255594,352807
362,2026-07-30T10:56:19Z,1785408979116280062,374,12508,12508,17,197,65164,322066432,200,196,196,448255594,352807
363,2026-07-30T10:56:20Z,1785408980148395607,375,12508,12508,17,197,65337,322067198,200,196,196,448255594,352807
364,2026-07-30T10:56:21Z,1785408981181510701,376,12508,12508,17,197,65510,322067953,200,196,196,448255594,352807
365,2026-07-30T10:56:22Z,1785408982215245549,377,12492,12492,17,193,65683,322068711,200,196,196,448255594,352807
366,2026-07-30T10:56:23Z,1785408983247153326,378,12492,12492,17,193,65857,322069471,200,196,196,448255594,352807
367,2026-07-30T10:56:24Z,1785408984281283228,379,12492,12492,17,193,66031,322070225,200,196,196,448255594,352807
368,2026-07-30T10:56:25Z,1785408985313868572,380,12492,12492,17,193,66211,322070977,200,196,196,448255594,352807
369,2026-07-30T10:56:26Z,1785408986347838842,381,12492,12492,17,193,66388,322071733,200,196,196,448255594,352807
370,2026-07-30T10:56:27Z,1785408987381114539,382,12492,12492,17,193,66569,322072483,200,196,196,448255594,352807
371,2026-07-30T10:56:28Z,1785408988413678489,383,12492,12492,17,193,66749,322073237,200,196,196,448255594,352807
372,2026-07-30T10:56:29Z,1785408989445782599,384,12492,12492,17,193,66928,322073982,200,196,196,448255594,352807
373,2026-07-30T10:56:30Z,1785408990480147815,385,12492,12492,17,193,67111,322074738,200,196,196,448255594,352807
374,2026-07-30T10:56:31Z,1785408991512900147,386,12492,12492,17,193,67290,322075492,200,196,196,448255594,352807
375,2026-07-30T10:56:32Z,1785408992545731862,387,12492,12492,17,193,67465,322076249,200,196,196,448255594,352807
376,2026-07-30T10:56:33Z,1785408993578488524,388,12492,12492,17,193,67639,322077008,200,196,196,448255594,352807
377,2026-07-30T10:56:34Z,1785408994610948645,389,12492,12492,17,193,67813,322077768,200,196,196,448255594,352807
378,2026-07-30T10:56:35Z,1785408995644155138,390,12492,12492,17,193,67987,322078526,200,196,196,448255594,352807
379,2026-07-30T10:56:36Z,1785408996676972390,391,12492,12492,17,193,68162,322079283,200,196,196,448255594,352807
380,2026-07-30T10:56:37Z,1785408997709982470,392,12528,12528,17,200,68339,322080031,200,196,196,448255594,352808
381,2026-07-30T10:56:38Z,1785408998742970582,393,12528,12528,17,200,68516,322080786,200,196,196,448255594,352809
382,2026-07-30T10:56:39Z,1785408999775228463,394,12528,12528,17,200,68695,322081530,200,196,196,448255594,352811
383,2026-07-30T10:56:40Z,1785409000807773902,395,12560,12528,17,200,68876,322082277,200,196,196,448255594,352813
384,2026-07-30T10:56:41Z,1785409001844532977,396,12528,12528,17,200,69057,322083030,200,196,196,448255594,352814
385,2026-07-30T10:56:42Z,1785409002877421988,397,12528,12528,17,200,69234,322083788,200,196,196,448255594,352816
386,2026-07-30T10:56:43Z,1785409003909646448,398,12528,12528,17,200,69407,322084543,200,196,196,448255594,352818
387,2026-07-30T10:56:44Z,1785409004943237186,399,12412,12412,17,176,69585,322085291,200,196,196,448255594,352825
388,2026-07-30T10:56:45Z,1785409005976774271,400,12412,12412,17,176,69763,322086037,200,196,196,448255594,352828
389,2026-07-30T10:56:47Z,1785409007011155370,402,12412,12412,17,176,69940,322086797,200,196,196,448255594,352834
390,2026-07-30T10:56:48Z,1785409008043639419,403,12412,12412,17,176,70117,322087540,200,196,196,448255594,352836
391,2026-07-30T10:56:49Z,1785409009076044510,404,12412,12412,17,176,70294,322088288,200,196,196,448255594,352841
392,2026-07-30T10:56:50Z,1785409010107494845,405,12412,12412,17,176,70469,322089041,200,196,196,448255594,352842
393,2026-07-30T10:56:51Z,1785409011140269091,406,12412,12412,17,176,70644,322089796,200,196,196,448255594,352849
394,2026-07-30T10:56:52Z,1785409012174148181,407,12412,12412,17,176,70823,322090547,200,196,196,448255594,352854
395,2026-07-30T10:56:53Z,1785409013207791629,408,12412,12412,17,176,70996,322091300,200,196,196,448255594,352861
396,2026-07-30T10:56:54Z,1785409014239618971,409,12436,12436,17,177,71172,322092054,200,196,196,448255594,352865
397,2026-07-30T10:56:55Z,1785409015272180266,410,12436,12436,17,177,71350,322092802,200,196,196,448255594,352871
398,2026-07-30T10:56:56Z,1785409016305524810,411,12436,12436,17,177,71527,322093543,200,196,196,448255594,352875
399,2026-07-30T10:56:57Z,1785409017338578766,412,12436,12436,17,177,71703,322094292,200,196,196,448255594,352880
400,2026-07-30T10:56:58Z,1785409018369830918,413,12436,12436,17,177,71882,322095036,200,196,196,448255594,352881
401,2026-07-30T10:56:59Z,1785409019402483628,414,12436,12436,17,177,72063,322095785,200,196,196,448255594,352886
402,2026-07-30T10:57:00Z,1785409020436357552,415,12536,12536,17,201,72249,322096533,200,196,196,448255594,352893
403,2026-07-30T10:57:01Z,1785409021470164867,416,12536,12536,17,201,72426,322097286,200,196,196,448255594,352896
404,2026-07-30T10:57:02Z,1785409022502583624,417,12536,12536,17,201,72609,322098036,200,196,196,448255594,352898
405,2026-07-30T10:57:03Z,1785409023533708104,418,12536,12536,17,201,72787,322098787,200,196,196,448255594,352898
406,2026-07-30T10:57:04Z,1785409024567423855,419,12536,12536,17,201,72966,322099541,200,196,196,448255594,352900
407,2026-07-30T10:57:05Z,1785409025600509971,420,12536,12536,17,201,73145,322100293,200,196,196,448255594,352906
408,2026-07-30T10:57:06Z,1785409026632941441,421,12536,12536,17,201,73322,322101044,200,196,196,448255594,352907
409,2026-07-30T10:57:07Z,1785409027665200347,422,12488,12500,17,194,73498,322101799,200,196,196,448255594,352907
410,2026-07-30T10:57:08Z,1785409028698208705,423,12544,12500,17,194,73678,322102548,200,196,196,448255594,352908
411,2026-07-30T10:57:09Z,1785409029731868871,424,12488,12500,17,194,73858,322103300,200,196,196,448255594,352914
412,2026-07-30T10:57:10Z,1785409030765520110,425,12488,12500,17,194,74040,322104053,200,196,196,448255594,352916
413,2026-07-30T10:57:11Z,1785409031799296834,426,12488,12500,17,194,74219,322104806,200,196,196,448255594,352918
414,2026-07-30T10:57:12Z,1785409032831668365,427,12488,12500,17,194,74396,322105563,200,196,196,448255594,352921
415,2026-07-30T10:57:13Z,1785409033864905619,428,12488,12500,17,194,74575,322106308,200,196,196,448255594,352924
416,2026-07-30T10:57:14Z,1785409034899020800,429,12488,12500,17,194,74749,322107064,200,196,196,448255594,352925
417,2026-07-30T10:57:15Z,1785409035933291982,430,12488,12500,17,194,74928,322107821,200,196,196,448255594,352926
418,2026-07-30T10:57:16Z,1785409036969192407,431,12488,12500,17,194,75110,322108566,200,196,196,448255594,352927
419,2026-07-30T10:57:18Z,1785409038002187055,433,12488,12500,17,194,75292,322109318,200,196,196,448255594,352934
420,2026-07-30T10:57:19Z,1785409039034852171,434,12488,12500,17,194,75475,322110070,200,196,196,448255594,352937
421,2026-07-30T10:57:20Z,1785409040067442122,435,12488,12500,17,194,75658,322110819,200,196,196,448255594,352939
422,2026-07-30T10:57:21Z,1785409041100976594,436,12488,12500,17,194,75838,322111571,200,196,196,448255594,352942
423,2026-07-30T10:57:22Z,1785409042133173641,437,12488,12500,17,194,76018,322112322,200,196,196,448255594,352948
424,2026-07-30T10:57:23Z,1785409043170382970,438,12488,12500,17,194,76199,322113070,200,196,196,448255594,352954
425,2026-07-30T10:57:24Z,1785409044202593475,439,12516,12516,17,199,76377,322113834,200,196,196,448255594,352957
426,2026-07-30T10:57:25Z,1785409045236204608,440,12516,12516,17,199,76553,322114582,200,196,196,448255594,352958
427,2026-07-30T10:57:26Z,1785409046269992468,441,12516,12516,17,199,76728,322115339,200,196,196,448255594,352961
428,2026-07-30T10:57:27Z,1785409047302812083,442,12516,12516,17,199,76902,322116097,200,196,196,448255594,352961
429,2026-07-30T10:57:28Z,1785409048334546695,443,12516,12516,17,199,77075,322116858,200,196,196,448255594,352962
430,2026-07-30T10:57:29Z,1785409049366991645,444,12516,12516,17,199,77250,322117618,200,196,196,448255594,352963
431,2026-07-30T10:57:30Z,1785409050400175099,445,12504,12504,17,196,77425,322118372,200,196,196,448255594,352965
432,2026-07-30T10:57:31Z,1785409051433882915,446,12504,12504,17,196,77599,322119139,200,196,196,448255594,352965
433,2026-07-30T10:57:32Z,1785409052467853026,447,12504,12504,17,196,77774,322119895,200,196,196,448255594,352966
434,2026-07-30T10:57:33Z,1785409053501297554,448,12504,12504,17,196,77953,322120645,200,196,196,448255594,352968
435,2026-07-30T10:57:34Z,1785409054533818795,449,12504,12504,17,196,78137,322121390,200,196,196,448255594,352970
436,2026-07-30T10:57:35Z,1785409055565668522,450,12544,12532,17,196,78319,322122135,200,196,196,448255594,352973
437,2026-07-30T10:57:36Z,1785409056597502645,451,12504,12504,17,196,78502,322122878,200,196,196,448255594,352973
438,2026-07-30T10:57:37Z,1785409057631373362,452,12504,12504,17,196,78683,322123632,200,196,196,448255594,352975
439,2026-07-30T10:57:38Z,1785409058666291246,453,12504,12504,17,196,78866,322124385,200,196,196,448255594,352976
440,2026-07-30T10:57:39Z,1785409059698596212,454,12504,12504,17,196,79050,322125135,200,196,196,448255594,352979
441,2026-07-30T10:57:40Z,1785409060732323379,455,12504,12504,17,196,79228,322125883,200,196,196,448255594,352979
442,2026-07-30T10:57:41Z,1785409061764643509,456,12504,12504,17,196,79409,322126626,200,196,196,448255594,352979
443,2026-07-30T10:57:42Z,1785409062797206616,457,12504,12504,17,196,79592,322127370,200,196,196,448255594,352979
444,2026-07-30T10:57:43Z,1785409063828941028,458,12552,12504,17,196,79775,322128110,200,196,196,448255594,352979
445,2026-07-30T10:57:44Z,1785409064861571199,459,12504,12504,17,196,79958,322128852,200,196,196,448255594,352979
446,2026-07-30T10:57:45Z,1785409065896536733,460,12504,12504,17,196,80140,322129599,200,196,196,448255594,352979
447,2026-07-30T10:57:46Z,1785409066930753899,461,12504,12504,17,196,80321,322130357,200,196,196,448255594,352980
448,2026-07-30T10:57:47Z,1785409067963184804,462,12504,12504,17,196,80496,322131113,200,196,196,448255594,352986
449,2026-07-30T10:57:48Z,1785409068996432842,463,12504,12504,17,196,80672,322131869,200,196,196,448255594,352993
450,2026-07-30T10:57:50Z,1785409070029564998,465,12504,12504,17,196,80849,322132614,200,196,196,448255594,352994
451,2026-07-30T10:57:51Z,1785409071062358466,466,12504,12504,17,196,81024,322133378,200,196,196,448255594,352998
452,2026-07-30T10:57:52Z,1785409072093997103,467,12504,12504,17,196,81197,322134137,200,196,196,448255594,353000
453,2026-07-30T10:57:53Z,1785409073126314809,468,12504,12504,17,196,81370,322134904,200,196,196,448255594,353002
454,2026-07-30T10:57:54Z,1785409074159197074,469,12420,12500,17,182,81543,322135666,200,196,196,448255594,353002
455,2026-07-30T10:57:55Z,1785409075190779314,470,12420,12500,17,182,81717,322136428,200,196,196,448255594,353002
456,2026-07-30T10:57:56Z,1785409076223383243,471,12420,12500,17,182,81889,322137192,200,196,196,448255594,353004
457,2026-07-30T10:57:57Z,1785409077256333021,472,12420,12500,17,182,82064,322137939,200,196,196,448255594,353006
458,2026-07-30T10:57:58Z,1785409078290141589,473,12420,12500,17,182,82236,322138699,200,196,196,448255594,353006
459,2026-07-30T10:57:59Z,1785409079323382740,474,12420,12500,17,182,82412,322139454,200,196,196,448255594,353009
460,2026-07-30T10:58:00Z,1785409080355562575,475,12420,12500,17,182,82587,322140205,200,196,196,448255594,353009
461,2026-07-30T10:58:01Z,1785409081388507469,476,12420,12500,17,182,82763,322140961,200,196,196,448255594,353009
462,2026-07-30T10:58:02Z,1785409082421114794,477,12424,12500,17,183,82939,322141712,200,196,196,448255594,353009
463,2026-07-30T10:58:03Z,1785409083453164191,478,12424,12500,17,183,83114,322142475,200,196,196,448255594,353009
464,2026-07-30T10:58:04Z,1785409084486936878,479,12424,12500,17,183,83287,322143238,200,196,196,448255594,353009
465,2026-07-30T10:58:05Z,1785409085519621650,480,12424,12500,17,183,83461,322143992,200,196,196,448255594,353009
466,2026-07-30T10:58:06Z,1785409086552261582,481,12424,12500,17,183,83635,322144749,200,196,196,448255594,353009
467,2026-07-30T10:58:07Z,1785409087586374478,482,12424,12500,17,183,83808,322145515,200,196,196,448255594,353009
468,2026-07-30T10:58:08Z,1785409088618852157,483,12424,12500,17,183,83981,322146275,200,196,196,448255594,353009
469,2026-07-30T10:58:09Z,1785409089653168053,484,12508,12508,17,195,84159,322147039,200,196,196,448255594,353014
470,2026-07-30T10:58:10Z,1785409090685902097,485,12508,12508,17,195,84339,322147786,200,196,196,448255594,353021
471,2026-07-30T10:58:11Z,1785409091719322333,486,12508,12508,17,195,84519,322148535,200,196,196,448255594,353026
472,2026-07-30T10:58:12Z,1785409092752774774,487,12508,12508,17,195,84698,322149281,200,196,196,448255594,353030
473,2026-07-30T10:58:13Z,1785409093786124596,488,12508,12508,17,195,84870,322150035,200,196,196,448255594,353033
474,2026-07-30T10:58:14Z,1785409094819197733,489,12508,12508,17,195,85047,322150785,200,196,196,448255594,353037
475,2026-07-30T10:58:15Z,1785409095852650511,490,12508,12508,17,195,85223,322151534,200,196,196,448255594,353039
476,2026-07-30T10:58:16Z,1785409096887352217,491,12508,12508,17,195,85398,322152292,200,196,196,448255594,353040
477,2026-07-30T10:58:17Z,1785409097919429091,492,12508,12508,17,195,85575,322153040,200,196,196,448255594,353047
478,2026-07-30T10:58:18Z,1785409098952926007,493,12508,12508,17,195,85752,322153788,200,196,196,448255594,353049
479,2026-07-30T10:58:19Z,1785409099984796840,494,12508,12508,17,195,85926,322154542,200,196,196,448255594,353053
480,2026-07-30T10:58:21Z,1785409101018101964,496,12508,12508,17,195,86097,322155300,200,196,196,448255594,353057
481,2026-07-30T10:58:22Z,1785409102049893766,497,12508,12508,17,195,86273,322156055,200,196,196,448255594,353061
482,2026-07-30T10:58:23Z,1785409103082336294,498,12508,12508,17,195,86446,322156805,200,196,196,448255594,353069
483,2026-07-30T10:58:24Z,1785409104114036390,499,12508,12508,17,195,86618,322157558,200,196,196,448255594,353072
484,2026-07-30T10:58:25Z,1785409105146593961,500,12536,12536,17,196,86794,322158312,200,196,196,448255594,353076
485,2026-07-30T10:58:26Z,1785409106178814702,501,12536,12536,17,196,86973,322159058,200,196,196,448255594,353084
486,2026-07-30T10:58:27Z,1785409107212284186,502,12536,12536,17,196,87152,322159803,200,196,196,448255594,353086
487,2026-07-30T10:58:28Z,1785409108244006793,503,12536,12536,17,196,87333,322160552,200,196,196,448255594,353089
488,2026-07-30T10:58:29Z,1785409109276464105,504,12536,12536,17,196,87513,322161302,200,196,196,448255594,353095
489,2026-07-30T10:58:30Z,1785409110309101192,505,12536,12536,17,196,87689,322162046,200,196,196,448255594,353101
490,2026-07-30T10:58:31Z,1785409111343574074,506,12536,12536,17,196,87861,322162798,200,196,196,448255594,353106
491,2026-07-30T10:58:32Z,1785409112378456551,507,12536,12536,17,196,88041,322163549,200,196,196,448255594,353112
492,2026-07-30T10:58:33Z,1785409113411774081,508,12536,12536,17,196,88224,322164300,200,196,196,448255594,353114
493,2026-07-30T10:58:34Z,1785409114445040715,509,12536,12536,17,196,88404,322165049,200,196,196,448255594,353115
494,2026-07-30T10:58:35Z,1785409115478612065,510,12536,12536,17,196,88585,322165801,200,196,196,448255594,353115
495,2026-07-30T10:58:36Z,1785409116512341235,511,12536,12536,17,196,88768,322166549,200,196,196,448255594,353115
496,2026-07-30T10:58:37Z,1785409117546393638,512,12536,12536,17,196,88951,322167296,200,196,196,448255594,353117
497,2026-07-30T10:58:38Z,1785409118579335308,513,12600,12536,17,196,89131,322168039,200,196,196,448255594,353118
498,2026-07-30T10:58:39Z,1785409119613587800,514,12512,12512,17,190,89313,322168788,200,196,196,448255594,353119
499,2026-07-30T10:58:40Z,1785409120647343790,515,12512,12512,17,190,89496,322169538,200,196,196,448255594,353121
500,2026-07-30T10:58:41Z,1785409121688123989,516,12512,12512,17,195,89679,322170292,200,196,196,448255594,353125
501,2026-07-30T10:58:42Z,1785409122720419283,517,12532,12532,17,195,89855,322171048,200,196,196,448255594,353128
502,2026-07-30T10:58:43Z,1785409123754404540,518,12532,12532,17,195,90031,322171796,200,196,196,448255594,353133
503,2026-07-30T10:58:44Z,1785409124787045764,519,12532,12532,17,195,90207,322172550,200,196,196,448255594,353134
504,2026-07-30T10:58:45Z,1785409125820887342,520,12532,12532,17,195,90386,322173299,200,196,196,448255594,353137
505,2026-07-30T10:58:46Z,1785409126853698588,521,12532,12532,17,195,90563,322174051,200,196,196,448255594,353145
506,2026-07-30T10:58:47Z,1785409127886303534,522,12532,12532,17,195,90738,322174809,200,196,196,448255594,353149
507,2026-07-30T10:58:48Z,1785409128919137829,523,12532,12532,17,195,90914,322175558,200,196,196,448255594,353158
508,2026-07-30T10:58:49Z,1785409129950952833,524,12532,12532,17,195,91086,322176320,200,196,196,448255594,353161
509,2026-07-30T10:58:50Z,1785409130984284328,525,12532,12532,17,195,91263,322177068,200,196,196,448255594,353165
510,2026-07-30T10:58:52Z,1785409132016545191,527,12532,12532,17,195,91437,322177822,200,196,196,448255594,353170
511,2026-07-30T10:58:53Z,1785409133048389349,528,12532,12532,17,195,91611,322178569,200,196,196,448255594,353174
512,2026-07-30T10:58:54Z,1785409134083944416,529,12532,12532,17,195,91788,322179319,200,196,196,448255594,353178
513,2026-07-30T10:58:55Z,1785409135123611408,530,12552,12532,17,195,91967,322180076,200,196,196,448255594,353181
514,2026-07-30T10:58:56Z,1785409136155953974,531,12532,12532,17,195,92150,322180818,200,196,196,448255594,353184
515,2026-07-30T10:58:57Z,1785409137189332597,532,12532,12532,17,195,92330,322181563,200,196,196,448255594,353189
516,2026-07-30T10:58:58Z,1785409138223406265,533,12532,12532,17,195,92508,322182318,200,196,196,448255594,353197
517,2026-07-30T10:58:59Z,1785409139255760720,534,12532,12532,17,195,92687,322183067,200,196,196,448255594,353198
518,2026-07-30T10:59:00Z,1785409140288124166,535,12532,12532,17,195,92863,322183817,200,196,196,448255594,353201
519,2026-07-30T10:59:01Z,1785409141322732343,536,12532,12532,17,195,93038,322184564,200,196,196,448255594,353208
520,2026-07-30T10:59:02Z,1785409142356493155,537,12480,12500,17,182,93215,322185316,200,196,196,448255594,353213
521,2026-07-30T10:59:03Z,1785409143389736217,538,12480,12500,17,182,93388,322186071,200,196,196,448255594,353221
522,2026-07-30T10:59:04Z,1785409144423356387,539,12480,12500,17,182,93563,322186825,200,196,196,448255594,353222
523,2026-07-30T10:59:05Z,1785409145456454566,540,12480,12500,17,182,93736,322187590,200,196,196,448255594,353228
524,2026-07-30T10:59:06Z,1785409146490440959,541,12480,12500,17,182,93911,322188346,200,196,196,448255594,353230
525,2026-07-30T10:59:07Z,1785409147522115458,542,12480,12500,17,182,94084,322189109,200,196,196,448255594,353235
526,2026-07-30T10:59:08Z,1785409148554953970,543,12480,12500,17,182,94257,322189864,200,196,196,448255594,353239
527,2026-07-30T10:59:09Z,1785409149587796527,544,12480,12500,17,182,94429,322190624,200,196,196,448255594,353245
528,2026-07-30T10:59:10Z,1785409150621097644,545,12480,12500,17,182,94602,322191391,200,196,196,448255594,353247
529,2026-07-30T10:59:11Z,1785409151652263463,546,12480,12500,17,182,94776,322192152,200,196,196,448255594,353251
530,2026-07-30T10:59:12Z,1785409152684943429,547,12468,12500,17,179,94950,322192903,200,196,196,448255594,353252
531,2026-07-30T10:59:13Z,1785409153717795901,548,12468,12500,17,179,95125,322193657,200,196,196,448255594,353257
532,2026-07-30T10:59:14Z,1785409154751301447,549,12468,12500,17,179,95299,322194412,200,196,196,448255594,353262
533,2026-07-30T10:59:15Z,1785409155785438543,550,12468,12500,17,179,95472,322195173,200,196,196,448255594,353264
534,2026-07-30T10:59:16Z,1785409156818525998,551,12624,12624,17,198,95653,322195921,200,196,196,448255594,353268
535,2026-07-30T10:59:17Z,1785409157851796525,552,12624,12624,17,198,95832,322196671,200,196,196,448255594,353271
536,2026-07-30T10:59:18Z,1785409158884686889,553,12672,12672,17,210,96013,322197420,200,196,196,448255594,353275
537,2026-07-30T10:59:19Z,1785409159918037690,554,12672,12672,17,210,96195,322198166,200,196,196,448255594,353279
538,2026-07-30T10:59:20Z,1785409160951684146,555,12672,12672,17,210,96375,322198915,200,196,196,448255594,353284
539,2026-07-30T10:59:21Z,1785409161984532916,556,12672,12672,17,210,96553,322199668,200,196,196,448255594,353288
540,2026-07-30T10:59:23Z,1785409163017696159,558,12672,12672,17,210,96730,322200423,200,196,196,448255594,353292
541,2026-07-30T10:59:24Z,1785409164049557927,559,12672,12672,17,210,96911,322201169,200,196,196,448255594,353298
542,2026-07-30T10:59:25Z,1785409165081273556,560,12672,12672,17,210,97090,322201927,200,196,196,448255594,353304
543,2026-07-30T10:59:26Z,1785409166114053379,561,12624,12624,17,208,97266,322202676,200,196,196,448255594,353307
544,2026-07-30T10:59:27Z,1785409167147750255,562,12624,12624,17,208,97441,322203421,200,196,196,448255594,353312
545,2026-07-30T10:59:28Z,1785409168180747526,563,12624,12624,17,208,97615,322204172,200,196,196,448255594,353317
546,2026-07-30T10:59:29Z,1785409169213483199,564,12600,12600,17,207,97789,322204926,200,196,196,448255594,353326
547,2026-07-30T10:59:30Z,1785409170246056757,565,12600,12600,17,207,97962,322205685,200,196,196,448255594,353331
548,2026-07-30T10:59:31Z,1785409171279685878,566,12600,12600,17,207,98137,322206440,200,196,196,448255594,353335
549,2026-07-30T10:59:32Z,1785409172313517164,567,12600,12600,17,207,98312,322207189,200,196,196,448255594,353338
550,2026-07-30T10:59:33Z,1785409173346716438,568,12628,12628,17,209,98489,322207947,200,196,196,448255594,353349
551,2026-07-30T10:59:34Z,1785409174379937595,569,12628,12628,17,209,98667,322208696,200,196,196,448255594,353355
552,2026-07-30T10:59:35Z,1785409175413459068,570,12628,12636,17,209,98849,322209440,200,196,196,448255594,353359
553,2026-07-30T10:59:36Z,1785409176447045516,571,12628,12628,17,209,99032,322210188,200,196,196,448255594,353361
554,2026-07-30T10:59:37Z,1785409177480436651,572,12628,12628,17,209,99215,322210943,200,196,196,448255594,353364
555,2026-07-30T10:59:38Z,1785409178512626609,573,12628,12628,17,209,99394,322211698,200,196,196,448255594,353370
556,2026-07-30T10:59:39Z,1785409179546498808,574,12628,12628,17,209,99574,322212454,200,196,196,448255594,353376
557,2026-07-30T10:59:40Z,1785409180579484196,575,12628,12628,17,209,99754,322213195,200,196,196,448255594,353379
558,2026-07-30T10:59:41Z,1785409181612157302,576,12672,12672,17,214,99936,322213955,200,196,196,448255594,353382
559,2026-07-30T10:59:42Z,1785409182644967902,577,12672,12672,17,214,100120,322214709,200,196,196,448255594,353382
560,2026-07-30T10:59:43Z,1785409183675916217,578,12672,12672,17,214,100305,322215459,200,196,196,448255594,353382
561,2026-07-30T10:59:44Z,1785409184708224136,579,12672,12672,17,214,100487,322216210,200,196,196,448255594,353383
562,2026-07-30T10:59:45Z,1785409185742726398,580,12672,12672,17,214,100670,322216956,200,196,196,448255594,353383
563,2026-07-30T10:59:46Z,1785409186776866798,581,12596,12596,17,197,100858,322217704,200,196,196,448255594,353383
564,2026-07-30T10:59:47Z,1785409187809419847,582,12596,12596,17,197,101043,322218449,200,196,196,448255594,353385
565,2026-07-30T10:59:48Z,1785409188843101388,583,12596,12620,17,197,101227,322219205,200,196,196,448255594,353388
566,2026-07-30T10:59:49Z,1785409189876377995,584,12596,12596,17,197,101407,322219957,200,196,196,448255594,353388
567,2026-07-30T10:59:50Z,1785409190909531163,585,12596,12596,17,197,101596,322220699,200,196,196,448255594,353389
568,2026-07-30T10:59:51Z,1785409191943136225,586,12596,12596,17,197,101783,322221451,200,196,196,448255594,353392
569,2026-07-30T10:59:52Z,1785409192975382906,587,12596,12596,17,197,101962,322222202,200,196,196,448255594,353394
570,2026-07-30T10:59:54Z,1785409194008038080,589,12596,12596,17,197,102143,322222951,200,196,196,448255594,353398
571,2026-07-30T10:59:55Z,1785409195040354358,590,12596,12596,17,197,102328,322223698,200,196,196,448255594,353400
572,2026-07-30T10:59:56Z,1785409196074388621,591,12596,12596,17,197,102511,322224434,200,196,196,448255594,353402
573,2026-07-30T10:59:57Z,1785409197107044672,592,12596,12596,17,197,102694,322225181,200,196,196,448255594,353406
574,2026-07-30T10:59:58Z,1785409198140246914,593,12596,12596,17,197,102874,322225929,200,196,196,448255594,353411
575,2026-07-30T10:59:59Z,1785409199173372957,594,12596,12596,17,197,103053,322226679,200,196,196,448255594,353413
576,2026-07-30T11:00:00Z,1785409200207782799,595,12596,12596,17,197,103239,322227428,200,196,196,448255594,353419
577,2026-07-30T11:00:01Z,1785409201241150279,596,12596,12596,17,197,103419,322228169,200,196,196,448255594,353421
578,2026-07-30T11:00:02Z,1785409202273671447,597,12596,12596,17,197,103603,322228920,200,196,196,448255594,353424
579,2026-07-30T11:00:03Z,1785409203308161038,598,12568,12568,17,195,103787,322229665,200,196,196,448255594,353428
580,2026-07-30T11:00:04Z,1785409204340400683,599,12568,12568,17,195,103973,322230416,200,196,196,448255594,353432
581,2026-07-30T11:00:05Z,1785409205373362750,600,12568,12568,17,195,104149,322231169,200,196,196,448255594,353436
582,2026-07-30T11:00:06Z,1785409206405798155,601,12568,12568,17,195,104326,322231923,200,196,196,448255594,353441
583,2026-07-30T11:00:07Z,1785409207438305276,602,12568,12568,17,195,104502,322232677,200,196,196,448255594,353442
584,2026-07-30T11:00:08Z,1785409208471566952,603,12568,12568,17,195,104680,322233426,200,196,196,448255594,353444
585,2026-07-30T11:00:09Z,1785409209504959506,604,12568,12568,17,195,104856,322234182,200,196,196,448255594,353447
586,2026-07-30T11:00:10Z,1785409210537229919,605,12568,12568,17,195,105033,322234934,200,196,196,448255594,353452
587,2026-07-30T11:00:11Z,1785409211569947865,606,12556,12556,17,192,105209,322235692,200,196,196,448255594,353455
588,2026-07-30T11:00:12Z,1785409212602644353,607,12556,12556,17,192,105386,322236446,200,196,196,448255594,353458
589,2026-07-30T11:00:13Z,1785409213635711322,608,12556,12556,17,192,105564,322237193,200,196,196,448255594,353460
590,2026-07-30T11:00:14Z,1785409214670199956,609,12556,12556,17,192,105742,322237945,200,196,196,448255594,353462
591,2026-07-30T11:00:15Z,1785409215705772140,610,12556,12556,17,192,105924,322238691,200,196,196,448255594,353466
592,2026-07-30T11:00:16Z,1785409216739920656,611,12556,12556,17,192,106113,322239440,200,196,196,448255594,353467
593,2026-07-30T11:00:17Z,1785409217775103236,612,12556,12556,17,192,106295,322240186,200,196,196,448255594,353470
594,2026-07-30T11:00:18Z,1785409218808251821,613,12556,12556,17,192,106480,322240940,200,196,196,448255594,353477
595,2026-07-30T11:00:19Z,1785409219840857597,614,12556,12556,17,192,106662,322241689,200,196,196,448255594,353479
596,2026-07-30T11:00:20Z,1785409220874392852,615,12556,12556,17,192,106847,322242433,200,196,196,448255594,353482
597,2026-07-30T11:00:21Z,1785409221907596360,616,12556,12556,17,192,107030,322243178,200,196,196,448255594,353483
598,2026-07-30T11:00:22Z,1785409222941240658,617,12556,12556,17,192,107212,322243932,200,196,196,448255594,353489
599,2026-07-30T11:00:23Z,1785409223974126573,618,12556,12556,17,192,107395,322244679,200,196,196,448255594,353491
600,2026-07-30T11:00:25Z,1785409225008563990,620,12556,12556,17,192,107580,322245424,200,196,196,448255594,353494
601,2026-07-30T11:00:26Z,1785409226043298794,621,12540,12540,17,188,107766,322246175,200,196,196,448255594,353497
602,2026-07-30T11:00:27Z,1785409227075152964,622,12604,12604,17,188,107948,322246921,200,196,196,448255594,353501
603,2026-07-30T11:00:28Z,1785409228109224343,623,12580,12580,17,193,108133,322247676,200,196,196,448255594,353505
604,2026-07-30T11:00:29Z,1785409229142931741,624,12580,12580,17,193,108310,322248426,200,196,196,448255594,353511
605,2026-07-30T11:00:30Z,1785409230174697777,625,12580,12580,17,193,108488,322249171,200,196,196,448255594,353516
606,2026-07-30T11:00:31Z,1785409231208871242,626,12580,12580,17,193,108667,322249918,200,196,196,448255594,353521
607,2026-07-30T11:00:32Z,1785409232241332542,627,12580,12580,17,193,108845,322250672,200,196,196,448255594,353530
608,2026-07-30T11:00:33Z,1785409233274966093,628,12580,12580,17,193,109022,322251420,200,196,196,448255594,353535
609,2026-07-30T11:00:34Z,1785409234309050135,629,12428,12500,17,155,109200,322252174,200,196,196,448255594,353537
610,2026-07-30T11:00:35Z,1785409235340382459,630,12428,12500,17,155,109377,322252916,200,196,196,448255594,353542
611,2026-07-30T11:00:36Z,1785409236373482792,631,12428,12500,17,155,109559,322253669,200,196,196,448255594,353542
612,2026-07-30T11:00:37Z,1785409237406793302,632,12428,12500,17,155,109740,322254423,200,196,196,448255594,353547
613,2026-07-30T11:00:38Z,1785409238439876432,633,12428,12500,17,155,109922,322255170,200,196,196,448255594,353548
614,2026-07-30T11:00:39Z,1785409239472314773,634,12428,12500,17,155,110104,322255916,200,196,196,448255594,353553
615,2026-07-30T11:00:40Z,1785409240505218369,635,12476,12500,17,155,110285,322256671,200,196,196,448255594,353556
616,2026-07-30T11:00:41Z,1785409241541444948,636,12428,12500,17,155,110470,322257418,200,196,196,448255594,353556
617,2026-07-30T11:00:42Z,1785409242574984317,637,12428,12500,17,155,110647,322258161,200,196,196,448255594,353556
618,2026-07-30T11:00:43Z,1785409243608446830,638,12428,12500,17,155,110824,322258908,200,196,196,448255594,353556
619,2026-07-30T11:00:44Z,1785409244641353249,639,12428,12500,17,155,111000,322259657,200,196,196,448255594,353556
620,2026-07-30T11:00:45Z,1785409245674947002,640,12428,12500,17,155,111178,322260395,200,196,196,448255594,353556
621,2026-07-30T11:00:46Z,1785409246708580360,641,12428,12500,17,155,111357,322261142,200,196,196,448255594,353556
622,2026-07-30T11:00:47Z,1785409247742090409,642,12428,12500,17,155,111535,322261885,200,196,196,448255594,353556
623,2026-07-30T11:00:48Z,1785409248774530160,643,12428,12500,17,155,111711,322262628,200,196,196,448255594,353556
624,2026-07-30T11:00:49Z,1785409249807271434,644,12428,12500,17,155,111888,322263375,200,196,196,448255594,353556
625,2026-07-30T11:00:50Z,1785409250841197397,645,12500,12500,17,173,112070,322264126,200,196,196,448255594,353556
626,2026-07-30T11:00:51Z,1785409251873476799,646,12500,12500,17,173,112246,322264879,200,196,196,448255594,353556
627,2026-07-30T11:00:52Z,1785409252905761149,647,12500,12500,17,173,112422,322265635,200,196,196,448255594,353556
628,2026-07-30T11:00:53Z,1785409253939138475,648,12500,12500,17,173,112601,322266378,200,196,196,448255594,353556
629,2026-07-30T11:00:54Z,1785409254971089540,649,12500,12500,17,173,112780,322267120,200,196,196,448255594,353556
630,2026-07-30T11:00:56Z,1785409256004809021,651,12500,12500,17,173,112958,322267868,200,196,196,448255594,353556
631,2026-07-30T11:00:57Z,1785409257038956439,652,12500,12500,17,173,113136,322268617,200,196,196,448255594,353556
632,2026-07-30T11:00:58Z,1785409258073978830,653,12448,12500,17,170,113316,322269369,200,196,196,448255594,353556
633,2026-07-30T11:00:59Z,1785409259108208471,654,12472,12500,17,171,113494,322270119,200,196,196,448255594,353556
634,2026-07-30T11:01:00Z,1785409260141555030,655,12472,12500,17,171,113673,322270865,200,196,196,448255594,353556
635,2026-07-30T11:01:01Z,1785409261175960492,656,12472,12500,17,171,113853,322271610,200,196,196,448255594,353556
636,2026-07-30T11:01:02Z,1785409262210864439,657,12472,12500,17,171,114034,322272363,200,196,196,448255594,353556
637,2026-07-30T11:01:03Z,1785409263243616109,658,12504,12504,17,174,114214,322273119,200,196,196,448255594,353557
638,2026-07-30T11:01:04Z,1785409264278209008,659,12504,12504,17,174,114398,322273869,200,196,196,448255594,353560
639,2026-07-30T11:01:05Z,1785409265313161380,660,12504,12504,17,174,114581,322274616,200,196,196,448255594,353566
640,2026-07-30T11:01:06Z,1785409266347797818,661,12504,12504,17,174,114768,322275367,200,196,196,448255594,353575
641,2026-07-30T11:01:07Z,1785409267380564409,662,12504,12504,17,174,114951,322276119,200,196,196,448255594,353578
642,2026-07-30T11:01:08Z,1785409268414629994,663,12504,12504,17,174,115134,322276865,200,196,196,448255594,353583
643,2026-07-30T11:01:09Z,1785409269448955625,664,12504,12504,17,174,115320,322277606,200,196,196,448255594,353587
644,2026-07-30T11:01:10Z,1785409270482404773,665,12504,12504,17,174,115504,322278345,200,196,196,448255594,353589
645,2026-07-30T11:01:11Z,1785409271515014579,666,12504,12504,17,174,115685,322279097,200,196,196,448255594,353595
646,2026-07-30T11:01:12Z,1785409272547410041,667,12504,12504,17,174,115867,322279842,200,196,196,448255594,353600
647,2026-07-30T11:01:13Z,1785409273579912221,668,12528,12528,17,180,116050,322280594,200,196,196,448255594,353609
648,2026-07-30T11:01:14Z,1785409274613647549,669,12528,12528,17,180,116235,322281344,200,196,196,448255594,353609
649,2026-07-30T11:01:15Z,1785409275649508826,670,12528,12528,17,180,116416,322282093,200,196,196,448255594,353614
650,2026-07-30T11:01:16Z,1785409276683402093,671,12536,12536,17,180,116599,322282844,200,196,196,448255594,353614
651,2026-07-30T11:01:17Z,1785409277716508202,672,12536,12536,17,180,116777,322283605,200,196,196,448255594,353617
652,2026-07-30T11:01:18Z,1785409278749178854,673,12536,12536,17,180,116955,322284366,200,196,196,448255594,353619
653,2026-07-30T11:01:19Z,1785409279780990826,674,12536,12536,17,180,117141,322285110,200,196,196,448255594,353619
654,2026-07-30T11:01:20Z,1785409280812577984,675,12536,12536,17,180,117321,322285855,200,196,196,448255594,353620
655,2026-07-30T11:01:21Z,1785409281847874617,676,12536,12536,17,180,117503,322286607,200,196,196,448255594,353620
656,2026-07-30T11:01:22Z,1785409282881027995,677,12536,12536,17,180,117688,322287355,200,196,196,448255594,353620
657,2026-07-30T11:01:23Z,1785409283914775569,678,12536,12536,17,180,117869,322288107,200,196,196,448255594,353620
658,2026-07-30T11:01:24Z,1785409284948238305,679,12536,12536,17,180,118053,322288855,200,196,196,448255594,353620
659,2026-07-30T11:01:25Z,1785409285981342055,680,12540,12540,17,181,118237,322289605,200,196,196,448255594,353622
660,2026-07-30T11:01:27Z,1785409287014758713,682,12540,12540,17,181,118414,322290350,200,196,196,448255594,353628
661,2026-07-30T11:01:28Z,1785409288048634600,683,12540,12540,17,181,118592,322291093,200,196,196,448255594,353629
662,2026-07-30T11:01:29Z,1785409289082214072,684,12540,12540,17,181,118767,322291855,200,196,196,448255594,353633
663,2026-07-30T11:01:30Z,1785409290116791984,685,12540,12540,17,181,118944,322292615,200,196,196,448255594,353641
664,2026-07-30T11:01:31Z,1785409291151670405,686,12540,12540,17,181,119120,322293365,200,196,196,448255594,353645
665,2026-07-30T11:01:32Z,1785409292184826184,687,12540,12540,17,181,119299,322294108,200,196,196,448255594,353652
666,2026-07-30T11:01:33Z,1785409293217092161,688,12600,12600,17,181,119475,322294864,200,196,196,448255594,353655
667,2026-07-30T11:01:34Z,1785409294250367568,689,12600,12600,17,181,119648,322295625,200,196,196,448255594,353657
668,2026-07-30T11:01:35Z,1785409295283336419,690,12600,12600,17,181,119823,322296374,200,196,196,448255594,353659
669,2026-07-30T11:01:36Z,1785409296317241277,691,12684,12684,17,200,120002,322297128,200,196,196,448255594,353666
670,2026-07-30T11:01:37Z,1785409297350964384,692,12684,12684,17,200,120181,322297872,200,196,196,448255594,353670
671,2026-07-30T11:01:38Z,1785409298383925042,693,12684,12684,17,200,120365,322298613,200,196,196,448255594,353673
672,2026-07-30T11:01:39Z,1785409299417187559,694,12684,12684,17,200,120550,322299360,200,196,196,448255594,353675
673,2026-07-30T11:01:40Z,1785409300451608006,695,12684,12684,17,200,120732,322300100,200,196,196,448255594,353681
674,2026-07-30T11:01:41Z,1785409301483711347,696,12684,12684,17,200,120911,322300855,200,196,196,448255594,353686
675,2026-07-30T11:01:42Z,1785409302516817517,697,12684,12684,17,200,121094,322301599,200,196,196,448255594,353690
676,2026-07-30T11:01:43Z,1785409303549511099,698,12684,12684,17,200,121276,322302353,200,196,196,448255594,353691
677,2026-07-30T11:01:44Z,1785409304583629990,699,12684,12740,17,200,121466,322303096,200,196,196,448255594,353696
678,2026-07-30T11:01:45Z,1785409305617956496,700,12684,12684,17,200,121650,322303840,200,196,196,448255594,353699
679,2026-07-30T11:01:46Z,1785409306651743172,701,12684,12684,17,200,121837,322304583,200,196,196,448255594,353701
680,2026-07-30T11:01:47Z,1785409307685349304,702,12684,12684,17,200,122024,322305329,200,196,196,448255594,353706
681,2026-07-30T11:01:48Z,1785409308717962264,703,12684,12684,17,200,122214,322306078,200,196,196,448255594,353707
682,2026-07-30T11:01:49Z,1785409309751199764,704,12684,12684,17,200,122396,322306820,200,196,196,448255594,353707
683,2026-07-30T11:01:50Z,1785409310784117862,705,12684,12684,17,200,122578,322307564,200,196,196,448255594,353707
684,2026-07-30T11:01:51Z,1785409311817304787,706,12684,12684,17,200,122760,322308319,200,196,196,448255594,353707
685,2026-07-30T11:01:52Z,1785409312849692492,707,12684,12684,17,200,122941,322309068,200,196,196,448255594,353707
686,2026-07-30T11:01:53Z,1785409313883486990,708,12684,12684,17,200,123123,322309823,200,196,196,448255594,353707
687,2026-07-30T11:01:54Z,1785409314917229558,709,12684,12684,17,200,123308,322310575,200,196,196,448255594,353707
688,2026-07-30T11:01:55Z,1785409315950820338,710,12684,12684,17,200,123492,322311313,200,196,196,448255594,353707
689,2026-07-30T11:01:56Z,1785409316984191884,711,12684,12684,17,200,123677,322312054,200,196,196,448255594,353707
690,2026-07-30T11:01:58Z,1785409318017527337,713,12684,12684,17,200,123859,322312809,200,196,196,448255594,353707
691,2026-07-30T11:01:59Z,1785409319051843545,714,12684,12684,17,200,124036,322313562,200,196,196,448255594,353707
692,2026-07-30T11:02:00Z,1785409320085578412,715,12684,12684,17,200,124223,322314314,200,196,196,448255594,353712
693,2026-07-30T11:02:01Z,1785409321120611960,716,12684,12684,17,200,124405,322315060,200,196,196,448255594,353716
694,2026-07-30T11:02:02Z,1785409322153852551,717,12684,12684,17,200,124587,322315808,200,196,196,448255594,353721
695,2026-07-30T11:02:03Z,1785409323186416514,718,12660,12660,17,199,124771,322316554,200,196,196,448255594,353721
696,2026-07-30T11:02:04Z,1785409324219609061,719,12700,12660,17,199,124953,322317305,200,196,196,448255594,353729
697,2026-07-30T11:02:05Z,1785409325252983507,720,12660,12660,17,199,125138,322318055,200,196,196,448255594,353736
698,2026-07-30T11:02:06Z,1785409326286214302,721,12640,12640,17,194,125322,322318801,200,196,196,448255594,353737
699,2026-07-30T11:02:07Z,1785409327319721856,722,13044,13044,17,248,125509,322319544,200,196,196,448255594,353739
700,2026-07-30T11:02:08Z,1785409328353308465,723,13044,13044,17,248,125695,322320289,200,196,196,448255594,353739
701,2026-07-30T11:02:09Z,1785409329387164866,724,13044,13044,17,248,125879,322321039,200,196,196,448255594,353739
702,2026-07-30T11:02:10Z,1785409330420671696,725,13044,13044,17,248,126060,322321787,200,196,196,448255594,353739
703,2026-07-30T11:02:11Z,1785409331453296099,726,13048,13112,17,248,126245,322322536,200,196,196,448255594,353739
704,2026-07-30T11:02:12Z,1785409332487276071,727,13048,13048,17,248,126432,322323284,200,196,196,448255594,353739
705,2026-07-30T11:02:13Z,1785409333520742460,728,13048,13048,17,248,126618,322324035,200,196,196,448255594,353739
706,2026-07-30T11:02:14Z,1785409334553886079,729,13048,13048,17,248,126800,322324788,200,196,196,448255594,353739
707,2026-07-30T11:02:15Z,1785409335589428781,730,13048,13048,17,248,126985,322325534,200,196,196,448255594,353739
708,2026-07-30T11:02:16Z,1785409336624317207,731,13092,13048,17,248,127170,322326285,200,196,196,448255594,353739
709,2026-07-30T11:02:17Z,1785409337658045007,732,13048,13048,17,248,127369,322327040,200,196,196,448255594,353739
710,2026-07-30T11:02:18Z,1785409338691302107,733,13048,13048,17,248,127559,322327784,200,196,196,448255594,353739
711,2026-07-30T11:02:19Z,1785409339723611715,734,13048,13048,17,248,127752,322328531,200,196,196,448255594,353739
712,2026-07-30T11:02:20Z,1785409340755705936,735,13048,13048,17,248,127949,322329274,200,196,196,448255594,353739
713,2026-07-30T11:02:21Z,1785409341789585975,736,13048,13048,17,248,128135,322330027,200,196,196,448255594,353739
714,2026-07-30T11:02:22Z,1785409342822227071,737,13048,13100,17,248,128322,322330770,200,196,196,448255594,353741
715,2026-07-30T11:02:23Z,1785409343855610869,738,13048,13048,17,248,128499,322331531,200,196,196,448255594,353741
716,2026-07-30T11:02:24Z,1785409344889187775,739,13048,13048,17,248,128679,322332287,200,196,196,448255594,353741
717,2026-07-30T11:02:25Z,1785409345924669629,740,13048,13088,17,248,128862,322333038,200,196,196,448255594,353741
718,2026-07-30T11:02:26Z,1785409346958438573,741,13048,13048,17,248,129047,322333781,200,196,196,448255594,353741
719,2026-07-30T11:02:27Z,1785409347992227033,742,13048,13048,17,248,129237,322334530,200,196,196,448255594,353741
720,2026-07-30T11:02:29Z,1785409349026460561,744,13048,13048,17,248,129420,322335279,200,196,196,448255594,353741
721,2026-07-30T11:02:30Z,1785409350058151623,745,12980,12980,17,236,129603,322336026,200,196,196,448255594,353741
722,2026-07-30T11:02:31Z,1785409351091031761,746,12980,12980,17,236,129776,322336785,200,196,196,448255594,353741
723,2026-07-30T11:02:32Z,1785409352124171634,747,12980,12980,17,236,129952,322337536,200,196,196,448255594,353741
724,2026-07-30T11:02:33Z,1785409353157851514,748,12980,12980,17,236,130137,322338286,200,196,196,448255594,353741
725,2026-07-30T11:02:34Z,1785409354192452629,749,12992,12992,17,236,130322,322339038,200,196,196,448255594,353741
726,2026-07-30T11:02:35Z,1785409355226125516,750,12992,12992,17,236,130519,322339777,200,196,196,448255594,353741
727,2026-07-30T11:02:36Z,1785409356258854405,751,12992,12992,17,236,130719,322340524,200,196,196,448255594,353741
728,2026-07-30T11:02:37Z,1785409357292675010,752,12780,12968,17,183,130920,322341273,200,196,196,448255594,353741
729,2026-07-30T11:02:38Z,1785409358329788156,753,12780,12968,17,183,131120,322342019,200,196,196,448255594,353741
730,2026-07-30T11:02:39Z,1785409359363108242,754,12780,12968,17,183,131319,322342759,200,196,196,448255594,353741
731,2026-07-30T11:02:40Z,1785409360397351446,755,12844,12968,17,183,131519,322343509,200,196,196,448255594,353741
732,2026-07-30T11:02:41Z,1785409361430025716,756,12780,12968,17,183,131716,322344257,200,196,196,448255594,353741
733,2026-07-30T11:02:42Z,1785409362464618836,757,12780,12968,17,183,131911,322344995,200,196,196,448255594,353741
734,2026-07-30T11:02:43Z,1785409363499378062,758,12844,12968,17,183,132109,322345744,200,196,196,448255594,353741
735,2026-07-30T11:02:44Z,1785409364532514438,759,12780,12968,17,183,132302,322346492,200,196,196,448255594,353741
736,2026-07-30T11:02:45Z,1785409365565902356,760,12836,12968,17,197,132502,322347240,200,196,196,448255594,353741
737,2026-07-30T11:02:46Z,1785409366599483927,761,12836,12968,17,197,132696,322347983,200,196,196,448255594,353741
738,2026-07-30T11:02:47Z,1785409367632282450,762,12836,12968,17,197,132889,322348728,200,196,196,448255594,353741
739,2026-07-30T11:02:48Z,1785409368667492876,763,12836,12968,17,197,133084,322349473,200,196,196,448255594,353741
740,2026-07-30T11:02:49Z,1785409369701751215,764,12876,12968,17,197,133275,322350216,200,196,196,448255594,353741
741,2026-07-30T11:02:50Z,1785409370735407272,765,12836,12968,17,197,133473,322350966,200,196,196,448255594,353741
742,2026-07-30T11:02:51Z,1785409371768107805,766,12836,12968,17,197,133674,322351716,200,196,196,448255594,353741
743,2026-07-30T11:02:52Z,1785409372799813462,767,12836,12968,17,197,133878,322352456,200,196,196,448255594,353741
744,2026-07-30T11:02:53Z,1785409373833189834,768,12836,12968,17,197,134080,322353203,200,196,196,448255594,353741
745,2026-07-30T11:02:54Z,1785409374867215971,769,12836,12968,17,197,134277,322353942,200,196,196,448255594,353741
746,2026-07-30T11:02:55Z,1785409375901011960,770,12836,12968,17,197,134480,322354687,200,196,196,448255594,353742
747,2026-07-30T11:02:56Z,1785409376933723838,771,12836,12968,17,197,134672,322355438,200,196,196,448255594,353742
748,2026-07-30T11:02:57Z,1785409377967979383,772,12836,12968,17,197,134856,322356188,200,196,196,448255594,353742
749,2026-07-30T11:02:58Z,1785409379001020612,774,12836,12968,17,197,135044,322356939,200,196,196,448255594,353742
750,2026-07-30T11:03:00Z,1785409380034668592,775,12836,12968,17,197,135232,322357684,200,196,196,448255594,353742
751,2026-07-30T11:03:01Z,1785409381069276741,776,12836,12968,17,197,135426,322358421,200,196,196,448255594,353742
752,2026-07-30T11:03:02Z,1785409382103518146,777,12836,12968,17,197,135617,322359168,200,196,196,448255594,353742
753,2026-07-30T11:03:03Z,1785409383137035201,778,12900,12968,17,197,135805,322359916,200,196,196,448255594,353742
754,2026-07-30T11:03:04Z,1785409384169898903,779,12836,12968,17,197,135992,322360668,200,196,196,448255594,353742
755,2026-07-30T11:03:05Z,1785409385202614588,780,12836,12968,17,197,136180,322361420,200,196,196,448255594,353742
756,2026-07-30T11:03:06Z,1785409386237207737,781,12836,12968,17,197,136379,322362171,200,196,196,448255594,353742
757,2026-07-30T11:03:07Z,1785409387270867347,782,12836,12968,17,197,136565,322362919,200,196,196,448255594,353742
758,2026-07-30T11:03:08Z,1785409388307051944,783,12856,12968,17,202,136750,322363671,200,196,196,448255594,353742
759,2026-07-30T11:03:09Z,1785409389340899879,784,12856,12968,17,202,136929,322364423,200,196,196,448255594,353742
760,2026-07-30T11:03:10Z,1785409390374881146,785,12856,12968,17,202,137113,322365170,200,196,196,448255594,353742
761,2026-07-30T11:03:11Z,1785409391409273802,786,12856,12968,17,202,137294,322365925,200,196,196,448255594,353742
762,2026-07-30T11:03:12Z,1785409392442182691,787,12856,12968,17,202,137477,322366679,200,196,196,448255594,353742
763,2026-07-30T11:03:13Z,1785409393476607828,788,12856,12968,17,202,137657,322367429,200,196,196,448255594,353742
764,2026-07-30T11:03:14Z,1785409394509744336,789,12856,12968,17,202,137837,322368186,200,196,196,448255594,353742
765,2026-07-30T11:03:15Z,1785409395544977118,790,12820,12968,17,198,138018,322368933,200,196,196,448255594,353742
766,2026-07-30T11:03:16Z,1785409396578514557,791,12820,12968,17,198,138200,322369685,200,196,196,448255594,353742
767,2026-07-30T11:03:17Z,1785409397612379784,792,12820,12968,17,198,138379,322370439,200,196,196,448255594,353742
768,2026-07-30T11:03:18Z,1785409398645943606,793,12820,12968,17,198,138557,322371195,200,196,196,448255594,353742
769,2026-07-30T11:03:19Z,1785409399678014658,794,12820,12968,17,198,138738,322371948,200,196,196,448255594,353742
770,2026-07-30T11:03:20Z,1785409400710968495,795,12820,12968,17,198,138926,322372696,200,196,196,448255594,353742
771,2026-07-30T11:03:21Z,1785409401742489296,796,12820,12968,17,198,139106,322373448,200,196,196,448255594,353742
772,2026-07-30T11:03:22Z,1785409402774957350,797,12820,12968,17,198,139300,322374193,200,196,196,448255594,353742
773,2026-07-30T11:03:23Z,1785409403808285867,798,12820,12968,17,198,139487,322374943,200,196,196,448255594,353742
774,2026-07-30T11:03:24Z,1785409404841709956,799,12820,12968,17,198,139673,322375690,200,196,196,448255594,353742
775,2026-07-30T11:03:25Z,1785409405873701084,800,12820,12968,17,198,139856,322376444,200,196,196,448255594,353742
776,2026-07-30T11:03:26Z,1785409406907551361,801,12796,12968,17,197,140047,322377190,200,196,196,448255594,353742
777,2026-07-30T11:03:27Z,1785409407942650978,802,12796,12968,17,197,140229,322377940,200,196,196,448255594,353742
778,2026-07-30T11:03:28Z,1785409408975858103,803,12772,12968,17,196,140412,322378682,200,196,196,448255594,353742
779,2026-07-30T11:03:30Z,1785409410009377319,805,12836,12968,17,196,140601,322379432,200,196,196,448255594,353742
780,2026-07-30T11:03:31Z,1785409411043860609,806,12860,12968,17,196,140792,322380171,200,196,196,448255594,353742
781,2026-07-30T11:03:32Z,1785409412079039811,807,12780,12968,17,198,140983,322380921,200,196,196,448255594,353742
782,2026-07-30T11:03:33Z,1785409413114027118,808,12780,12968,17,198,141168,322381668,200,196,196,448255594,353742
783,2026-07-30T11:03:34Z,1785409414148721822,809,12780,12968,17,198,141358,322382419,200,196,196,448255594,353742
784,2026-07-30T11:03:35Z,1785409415182264995,810,12780,12968,17,198,141546,322383168,200,196,196,448255594,353742
785,2026-07-30T11:03:36Z,1785409416216902100,811,12780,12968,17,198,141734,322383912,200,196,196,448255594,353742
786,2026-07-30T11:03:37Z,1785409417250900248,812,12780,12968,17,198,141927,322384657,200,196,196,448255594,353742
787,2026-07-30T11:03:38Z,1785409418284350580,813,12800,12968,17,194,142127,322385399,200,196,196,448255594,353742
788,2026-07-30T11:03:39Z,1785409419319003373,814,12764,12968,17,194,142321,322386143,200,196,196,448255594,353742
789,2026-07-30T11:03:40Z,1785409420353197526,815,12764,12968,17,194,142510,322386886,200,196,196,448255594,353742
790,2026-07-30T11:03:41Z,1785409421386120017,816,12792,12968,17,196,142702,322387629,200,196,196,448255594,353742
791,2026-07-30T11:03:42Z,1785409422419033948,817,12792,12968,17,196,142885,322388375,200,196,196,448255594,353742
792,2026-07-30T11:03:43Z,1785409423452735796,818,12816,12968,17,196,143075,322389117,200,196,196,448255594,353742
793,2026-07-30T11:03:44Z,1785409424488530215,819,12792,12968,17,196,143264,322389862,200,196,196,448255594,353742
794,2026-07-30T11:03:45Z,1785409425523912771,820,12792,12968,17,196,143466,322390611,200,196,196,448255594,353742
795,2026-07-30T11:03:46Z,1785409426559780990,821,12792,12968,17,196,143670,322391354,200,196,196,448255594,353742
796,2026-07-30T11:03:47Z,1785409427593101343,822,12792,12968,17,196,143862,322392096,200,196,196,448255594,353742
797,2026-07-30T11:03:48Z,1785409428625897908,823,12792,12968,17,196,144058,322392842,200,196,196,448255594,353742
798,2026-07-30T11:03:49Z,1785409429658773902,824,12792,12968,17,196,144260,322393584,200,196,196,448255594,353742
799,2026-07-30T11:03:50Z,1785409430691792217,825,12792,12968,17,196,144454,322394330,200,196,196,448255594,353742
800,2026-07-30T11:03:51Z,1785409431725425890,826,12856,12968,17,196,144641,322395076,200,196,196,448255594,353742
801,2026-07-30T11:03:52Z,1785409432757529661,827,12792,12968,17,196,144827,322395825,200,196,196,448255594,353742
802,2026-07-30T11:03:53Z,1785409433790043953,828,12824,12968,17,196,145017,322396564,200,196,196,448255594,353742
803,2026-07-30T11:03:54Z,1785409434824092133,829,12792,12968,17,196,145210,322397315,200,196,196,448255594,353742
804,2026-07-30T11:03:55Z,1785409435856940799,830,12800,12968,17,196,145400,322398062,200,196,196,448255594,353742
805,2026-07-30T11:03:56Z,1785409436892520600,831,12792,12968,17,196,145591,322398809,200,196,196,448255594,353742
806,2026-07-30T11:03:57Z,1785409437926139497,832,12792,12968,17,196,145781,322399561,200,196,196,448255594,353742
807,2026-07-30T11:03:58Z,1785409438959285456,833,12792,12968,17,196,145972,322400313,200,196,196,448255594,353742
808,2026-07-30T11:03:59Z,1785409439993312904,834,12792,12968,17,196,146162,322401055,200,196,196,448255594,353742
809,2026-07-30T11:04:01Z,1785409441026910373,836,12792,12968,17,196,146353,322401798,200,196,196,448255594,353742
810,2026-07-30T11:04:02Z,1785409442060794175,837,12728,12968,17,187,146555,322402539,200,196,196,448255594,353742
811,2026-07-30T11:04:03Z,1785409443094276327,838,12728,12968,17,187,146744,322403287,200,196,196,448255594,353742
812,2026-07-30T11:04:04Z,1785409444126797350,839,12900,12968,17,201,146925,322404039,200,196,196,448255594,353743
813,2026-07-30T11:04:05Z,1785409445159878653,840,12900,12968,17,201,147110,322404784,200,196,196,448255594,353747
814,2026-07-30T11:04:06Z,1785409446192871067,841,12900,12968,17,201,147297,322405529,200,196,196,448255594,353747
815,2026-07-30T11:04:07Z,1785409447227339626,842,12952,12968,17,201,147475,322406291,200,196,196,448255594,353747
816,2026-07-30T11:04:08Z,1785409448260124524,843,12900,12968,17,201,147653,322407041,200,196,196,448255594,353748
817,2026-07-30T11:04:09Z,1785409449293191151,844,12900,12968,17,201,147829,322407797,200,196,196,448255594,353749
818,2026-07-30T11:04:10Z,1785409450326192652,845,12900,12968,17,201,148011,322408543,200,196,196,448255594,353752
819,2026-07-30T11:04:11Z,1785409451358642562,846,12900,12968,17,201,148190,322409293,200,196,196,448255594,353754
820,2026-07-30T11:04:12Z,1785409452390081671,847,12900,12968,17,201,148367,322410046,200,196,196,448255594,353756
821,2026-07-30T11:04:13Z,1785409453423023370,848,12900,12968,17,201,148550,322410794,200,196,196,448255594,353758
822,2026-07-30T11:04:14Z,1785409454455029264,849,12900,12968,17,201,148732,322411539,200,196,196,448255594,353758
823,2026-07-30T11:04:15Z,1785409455487945787,850,12900,12968,17,201,148912,322412288,200,196,196,448255594,353760
824,2026-07-30T11:04:16Z,1785409456521746045,851,12900,12968,17,201,149095,322413031,200,196,196,448255594,353760
825,2026-07-30T11:04:17Z,1785409457556038704,852,12900,12968,17,201,149282,322413777,200,196,196,448255594,353761
826,2026-07-30T11:04:18Z,1785409458588756296,853,12900,12968,17,201,149467,322414524,200,196,196,448255594,353761
827,2026-07-30T11:04:19Z,1785409459620783621,854,12900,12968,17,201,149652,322415274,200,196,196,448255594,353761
828,2026-07-30T11:04:20Z,1785409460653646774,855,12900,12968,17,201,149837,322416015,200,196,196,448255594,353762
829,2026-07-30T11:04:21Z,1785409461687613984,856,12900,12968,17,201,150019,322416761,200,196,196,448255594,353763
830,2026-07-30T11:04:22Z,1785409462721093115,857,12900,12968,17,201,150206,322417506,200,196,196,448255594,353765
831,2026-07-30T11:04:23Z,1785409463755677950,858,12900,12968,17,201,150392,322418254,200,196,196,448255594,353767
832,2026-07-30T11:04:24Z,1785409464788478239,859,12724,12968,17,157,150579,322419002,200,196,196,448255594,353767
833,2026-07-30T11:04:25Z,1785409465821711940,860,12724,12968,17,157,150765,322419754,200,196,196,448255594,353770
834,2026-07-30T11:04:26Z,1785409466854785349,861,12808,12968,17,161,150953,322420501,200,196,196,448255594,353772
835,2026-07-30T11:04:27Z,1785409467888107109,862,12808,12968,17,161,151143,322421250,200,196,196,448255594,353772
836,2026-07-30T11:04:28Z,1785409468920707596,863,12808,12968,17,161,151334,322421995,200,196,196,448255594,353772
837,2026-07-30T11:04:29Z,1785409469955532630,864,12808,12968,17,161,151523,322422743,200,196,196,448255594,353775
838,2026-07-30T11:04:30Z,1785409470989272292,865,12808,12968,17,161,151708,322423487,200,196,196,448255594,353777
839,2026-07-30T11:04:32Z,1785409472022587965,867,12808,12968,17,161,151903,322424230,200,196,196,448255594,353778
840,2026-07-30T11:04:33Z,1785409473055841059,868,12824,12968,17,161,152089,322424965,200,196,196,448255594,353780
841,2026-07-30T11:04:34Z,1785409474088790869,869,12740,12968,17,150,152271,322425709,200,196,196,448255594,353781
842,2026-07-30T11:04:35Z,1785409475122233869,870,12740,12968,17,150,152457,322426448,200,196,196,448255594,353782
843,2026-07-30T11:04:36Z,1785409476156315336,871,12740,12968,17,150,152643,322427198,200,196,196,448255594,353783
844,2026-07-30T11:04:37Z,1785409477189476085,872,12740,12968,17,150,152828,322427942,200,196,196,448255594,353783
845,2026-07-30T11:04:38Z,1785409478225006967,873,12740,12968,17,150,153026,322428689,200,196,196,448255594,353783
846,2026-07-30T11:04:39Z,1785409479257142109,874,12740,12968,17,150,153214,322429438,200,196,196,448255594,353783
847,2026-07-30T11:04:40Z,1785409480296149305,875,12940,12968,17,200,153406,322430187,200,196,196,448255594,353785
848,2026-07-30T11:04:41Z,1785409481329366239,876,12940,12968,17,200,153595,322430939,200,196,196,448255594,353785
849,2026-07-30T11:04:42Z,1785409482363987096,877,12940,12968,17,200,153796,322431684,200,196,196,448255594,353785
850,2026-07-30T11:04:43Z,1785409483397275316,878,12940,12968,17,200,153999,322432423,200,196,196,448255594,353785
851,2026-07-30T11:04:44Z,1785409484431281799,879,12940,12968,17,200,154188,322433178,200,196,196,448255594,353785
852,2026-07-30T11:04:45Z,1785409485464723977,880,12940,12968,17,200,154376,322433925,200,196,196,448255594,353785
853,2026-07-30T11:04:46Z,1785409486499080319,881,12940,13004,17,200,154558,322434682,200,196,196,448255594,353785
854,2026-07-30T11:04:47Z,1785409487531932522,882,13004,12972,17,200,154748,322435429,200,196,196,448255594,353785
855,2026-07-30T11:04:48Z,1785409488565876847,883,12940,12968,17,200,154938,322436170,200,196,196,448255594,353785
856,2026-07-30T11:04:49Z,1785409489599231721,884,12960,12968,17,200,155126,322436916,200,196,196,448255594,353785
857,2026-07-30T11:04:50Z,1785409490633573983,885,12940,12968,17,200,155312,322437664,200,196,196,448255594,353785
858,2026-07-30T11:04:51Z,1785409491667121291,886,12940,12968,17,200,155496,322438412,200,196,196,448255594,353788
859,2026-07-30T11:04:52Z,1785409492699396249,887,12988,12968,17,200,155677,322439160,200,196,196,448255594,353790
860,2026-07-30T11:04:53Z,1785409493731551297,888,12940,12968,17,200,155856,322439909,200,196,196,448255594,353794
861,2026-07-30T11:04:54Z,1785409494766659032,889,12940,12968,17,200,156040,322440654,200,196,196,448255594,353794
862,2026-07-30T11:04:55Z,1785409495799175841,890,12940,12968,17,200,156223,322441405,200,196,196,448255594,353794
863,2026-07-30T11:04:56Z,1785409496834005269,891,12912,12968,17,198,156409,322442151,200,196,196,448255594,353794
864,2026-07-30T11:04:57Z,1785409497867127215,892,12912,12968,17,198,156593,322442898,200,196,196,448255594,353794
865,2026-07-30T11:04:58Z,1785409498901848819,893,12912,12968,17,198,156775,322443656,200,196,196,448255594,353794
866,2026-07-30T11:04:59Z,1785409499935870724,894,12912,12968,17,198,156958,322444404,200,196,196,448255594,353794
867,2026-07-30T11:05:00Z,1785409500969689339,895,12912,12968,17,198,157141,322445156,200,196,196,448255594,353795
868,2026-07-30T11:05:02Z,1785409502003817584,897,12912,12968,17,198,157324,322445908,200,196,196,448255594,353796
869,2026-07-30T11:05:03Z,1785409503037558380,898,12912,12972,17,198,157509,322446655,200,196,196,448255594,353797
870,2026-07-30T11:05:04Z,1785409504072843378,899,12912,12968,17,198,157697,322447405,200,196,196,448255594,353798
871,2026-07-30T11:05:05Z,1785409505106825188,900,12912,12968,17,198,157885,322448144,200,196,196,448255594,353798
872,2026-07-30T11:05:06Z,1785409506139885933,901,12908,12968,17,197,158072,322448893,200,196,196,448255594,353798
873,2026-07-30T11:05:07Z,1785409507172206380,902,12908,12968,17,197,158253,322449635,200,196,196,448255594,353798
874,2026-07-30T11:05:08Z,1785409508203594208,903,12912,12968,17,197,158364,322450431,200,196,196,448255594,353798
875,2026-07-30T11:05:09Z,1785409509232470612,904,12908,12968,17,197,158381,322451248,200,196,196,448255594,353798
876,2026-07-30T11:05:10Z,1785409510261825561,905,12568,12968,17,192,158382,322452069,200,196,196,448255594,353798
877,2026-07-30T11:05:11Z,1785409511289524366,906,12300,12968,17,180,158382,322452890,200,196,196,448255594,353798
878,2026-07-30T11:05:12Z,1785409512316991405,907,12300,12968,17,180,158382,322453710,200,196,196,448255594,353798
879,2026-07-30T11:05:13Z,1785409513344717132,908,12300,12968,17,180,158383,322454531,200,196,196,448255594,353798
880,2026-07-30T11:05:14Z,1785409514371930846,909,12300,12968,17,180,158383,322455351,200,196,196,448255594,353798
881,2026-07-30T11:05:15Z,1785409515399968120,910,12300,12968,17,180,158383,322456171,200,196,196,448255594,353798
882,2026-07-30T11:05:16Z,1785409516426943064,911,12160,12968,17,163,158384,322456992,200,196,196,448255594,353798
883,2026-07-30T11:05:17Z,1785409517453903738,912,12160,12968,17,163,158384,322457812,200,196,196,448255594,353798
884,2026-07-30T11:05:18Z,1785409518481696720,913,12160,12968,17,163,158384,322458634,200,196,196,448255594,353798
885,2026-07-30T11:05:19Z,1785409519508850686,914,12160,12968,17,163,158384,322459453,200,196,196,448255594,353798
886,2026-07-30T11:05:20Z,1785409520536122954,915,12160,12968,17,163,158384,322460274,200,196,196,448255594,353798
887,2026-07-30T11:05:21Z,1785409521563045972,916,12160,12968,17,163,158384,322461095,200,196,196,448255594,353798
888,2026-07-30T11:05:22Z,1785409522589559014,917,12160,12968,17,163,158384,322461915,200,196,196,448255594,353798
889,2026-07-30T11:05:23Z,1785409523616270504,918,12160,12968,17,163,158384,322462735,200,196,196,448255594,353798
890,2026-07-30T11:05:24Z,1785409524643376082,919,12160,12968,17,163,158385,322463556,200,196,196,448255594,353798
891,2026-07-30T11:05:25Z,1785409525670126374,920,12160,12968,17,163,158385,322464377,200,196,196,448255594,353798
892,2026-07-30T11:05:26Z,1785409526696943379,921,11648,12968,17,38,158386,322465195,200,196,196,448255594,353798
893,2026-07-30T11:05:27Z,1785409527724624728,922,11648,12968,17,38,158386,322466017,200,196,196,448255594,353798
894,2026-07-30T11:05:28Z,1785409528751145034,923,11648,12968,17,38,158386,322466838,200,196,196,448255594,353798
895,2026-07-30T11:05:29Z,1785409529777704575,924,11648,12968,17,38,158386,322467659,200,196,196,448255594,353798
896,2026-07-30T11:05:30Z,1785409530805123965,925,11648,12968,17,38,158386,322468479,200,196,196,448255594,353798
897,2026-07-30T11:05:31Z,1785409531832674510,926,11648,12968,17,38,158386,322469300,200,196,196,448255594,353798
898,2026-07-30T11:05:32Z,1785409532859874434,927,11648,12968,17,38,158386,322470121,200,196,196,448255594,353798
899,2026-07-30T11:05:33Z,1785409533886776481,928,11648,12968,17,38,158386,322470943,200,196,196,448255594,353798
900,2026-07-30T11:05:34Z,1785409534913311444,929,11648,12968,17,38,158386,322471764,200,196,196,448255594,353798
901,2026-07-30T11:05:35Z,1785409535940301932,930,11648,12968,17,38,158388,322472586,200,196,196,448255594,353798
902,2026-07-30T11:05:36Z,1785409536966811084,931,11648,12968,17,38,158388,322473406,200,196,196,448255594,353798
903,2026-07-30T11:05:37Z,1785409537993340777,932,11648,12968,17,38,158388,322474226,200,196,196,448255594,353798
904,2026-07-30T11:05:39Z,1785409539020427780,934,11648,12968,17,38,158388,322475047,200,196,196,448255594,353798
905,2026-07-30T11:05:40Z,1785409540046780719,935,11648,12968,17,38,158388,322475868,200,196,196,448255594,353798
906,2026-07-30T11:05:41Z,1785409541073245443,936,11648,12968,17,38,158388,322476688,200,196,196,448255594,353798
907,2026-07-30T11:05:42Z,1785409542100031650,937,11648,12968,17,38,158388,322477509,200,196,196,448255594,353798
908,2026-07-30T11:05:43Z,1785409543126766682,938,11648,12968,17,38,158388,322478331,200,196,196,448255594,353798
909,2026-07-30T11:05:44Z,1785409544153799970,939,11648,12968,17,38,158388,322479152,200,196,196,448255594,353798
910,2026-07-30T11:05:45Z,1785409545180290951,940,11648,12968,17,38,158388,322479972,200,196,196,448255594,353798
911,2026-07-30T11:05:46Z,1785409546207220227,941,11648,12968,17,38,158388,322480794,200,196,196,448255594,353798
912,2026-07-30T11:05:47Z,1785409547233514112,942,11648,12968,17,38,158388,322481615,200,196,196,448255594,353798
913,2026-07-30T11:05:48Z,1785409548260329184,943,11648,12968,17,38,158389,322482436,200,196,196,448255594,353798
914,2026-07-30T11:05:49Z,1785409549287224664,944,11648,12968,17,38,158389,322483255,200,196,196,448255594,353798
915,2026-07-30T11:05:50Z,1785409550313621756,945,11648,12968,17,38,158389,322484079,200,196,196,448255594,353798
916,2026-07-30T11:05:51Z,1785409551340325902,946,11648,12968,17,38,158389,322484898,200,196,196,448255594,353798
917,2026-07-30T11:05:52Z,1785409552366596514,947,11648,12968,17,38,158390,322485718,200,196,196,448255594,353798
918,2026-07-30T11:05:53Z,1785409553392785684,948,11648,12968,17,38,158390,322486540,200,196,196,448255594,353798
919,2026-07-30T11:05:54Z,1785409554419287981,949,11648,12968,17,38,158390,322487360,200,196,196,448255594,353798
920,2026-07-30T11:05:55Z,1785409555445686805,950,11648,12968,17,38,158390,322488180,200,196,196,448255594,353798
921,2026-07-30T11:05:56Z,1785409556472015403,951,11648,12968,17,38,158390,322489001,200,196,196,448255594,353798
922,2026-07-30T11:05:57Z,1785409557500156795,952,11648,12968,17,38,158390,322489823,200,196,196,448255594,353798
923,2026-07-30T11:05:58Z,1785409558529666513,953,11648,12968,17,38,158390,322490643,200,196,196,448255594,353798
924,2026-07-30T11:05:59Z,1785409559560372399,954,11648,12968,17,38,158390,322491465,200,196,196,448255594,353798
925,2026-07-30T11:06:00Z,1785409560589543357,955,11648,12968,17,38,158390,322492289,200,196,196,448255594,353798
926,2026-07-30T11:06:01Z,1785409561620431762,956,11648,12968,17,38,158390,322493112,200,196,196,448255594,353798
